query_id,query_kind,layout,routing,shard,execution_order,request_count,failure_count,request_latency_ms_sample_count,request_latency_ms_mean,request_latency_ms_p95,request_latency_ms_p99,request_latency_ms_mean_95_ci_lower,request_latency_ms_mean_95_ci_upper,request_latency_ms_mean_95_ci_status,request_latency_ms_p99_qualification,total_ms_sample_count,total_ms_mean,total_ms_p95,total_ms_p99,total_ms_mean_95_ci_lower,total_ms_mean_95_ci_upper,total_ms_mean_95_ci_status,total_ms_p99_qualification,vector_ms_sample_count,vector_ms_mean,vector_ms_p95,vector_ms_p99,vector_ms_mean_95_ci_lower,vector_ms_mean_95_ci_upper,vector_ms_mean_95_ci_status,vector_ms_p99_qualification,enrichment_ms_sample_count,enrichment_ms_mean,enrichment_ms_p95,enrichment_ms_p99,enrichment_ms_mean_95_ci_lower,enrichment_ms_mean_95_ci_upper,enrichment_ms_mean_95_ci_status,enrichment_ms_p99_qualification,correct_runs,hit_at_k,precision_at_k,recall_at_k,f_measure_at_k,binary_ndcg_at_k,mean_reciprocal_rank
rel_01_corpus_count,relational,hash,broadcast,,,30,0,30,11.570236666981751,25.284299976192415,28.12949998769909,8.899589996629706,14.40365332722043,available,P99 is the maximum or near-maximum of only 30 timings; interpret cautiously.,30,1.8580099666666667,2.4999160000000002,2.686454,1.7177943333333334,2.0005493666666667,available,P99 is the maximum or near-maximum of only 30 timings; interpret cautiously.,0,,,,,,insufficient_samples,P99 is the maximum or near-maximum of only 0 timings; interpret cautiously.,0,,,,,,insufficient_samples,P99 is the maximum or near-maximum of only 0 timings; interpret cautiously.,30,,,,,,
rel_01_corpus_count,relational,industry,broadcast,,,30,0,30,14.47034667362459,28.311099973507226,29.032999998889863,11.544223341237133,17.451160005293787,available,P99 is the maximum or near-maximum of only 30 timings; interpret cautiously.,30,1.953319,3.035856,3.097855,1.7938192999999998,2.1246650666666667,available,P99 is the maximum or near-maximum of only 30 timings; interpret cautiously.,0,,,,,,insufficient_samples,P99 is the maximum or near-maximum of only 0 timings; interpret cautiously.,0,,,,,,insufficient_samples,P99 is the maximum or near-maximum of only 0 timings; interpret cautiously.,30,,,,,,
rel_02_hollywood_count,relational,hash,broadcast,,,30,0,30,15.170363329040507,27.200400014407933,28.160199988633394,12.170800000118712,18.166156658359494,available,P99 is the maximum or near-maximum of only 30 timings; interpret cautiously.,30,2.0877302,2.925934,3.83833,1.9070842333333333,2.2895645,available,P99 is the maximum or near-maximum of only 30 timings; interpret cautiously.,0,,,,,,insufficient_samples,P99 is the maximum or near-maximum of only 0 timings; interpret cautiously.,0,,,,,,insufficient_samples,P99 is the maximum or near-maximum of only 0 timings; interpret cautiously.,30,,,,,,
rel_02_hollywood_count,relational,industry,selective,a,,30,0,30,13.357280004614344,22.530400019604713,26.03619999717921,11.269913332459206,15.37506667470249,available,P99 is the maximum or near-maximum of only 30 timings; interpret cautiously.,30,1.8933896,2.410555,2.52405,1.7919629333333333,1.9995382666666666,available,P99 is the maximum or near-maximum of only 30 timings; interpret cautiously.,0,,,,,,insufficient_samples,P99 is the maximum or near-maximum of only 0 timings; interpret cautiously.,0,,,,,,insufficient_samples,P99 is the maximum or near-maximum of only 0 timings; interpret cautiously.,30,,,,,,
rel_03_bollywood_count,relational,hash,broadcast,,,30,0,30,12.445900001330301,25.523199990857393,27.444700011983514,9.816080001958957,15.139973340167975,available,P99 is the maximum or near-maximum of only 30 timings; interpret cautiously.,30,1.7728382,2.305679,2.469115,1.6577722333333333,1.8903195666666666,available,P99 is the maximum or near-maximum of only 30 timings; interpret cautiously.,0,,,,,,insufficient_samples,P99 is the maximum or near-maximum of only 0 timings; interpret cautiously.,0,,,,,,insufficient_samples,P99 is the maximum or near-maximum of only 0 timings; interpret cautiously.,30,,,,,,
rel_03_bollywood_count,relational,industry,selective,b,,30,0,30,13.266896666027606,27.776199975050986,28.0542999971658,10.548283328535035,16.028806670025613,available,P99 is the maximum or near-maximum of only 30 timings; interpret cautiously.,30,1.7756536333333335,2.631053,3.073915,1.6265354,1.9353736333333333,available,P99 is the maximum or near-maximum of only 30 timings; interpret cautiously.,0,,,,,,insufficient_samples,P99 is the maximum or near-maximum of only 0 timings; interpret cautiously.,0,,,,,,insufficient_samples,P99 is the maximum or near-maximum of only 0 timings; interpret cautiously.,30,,,,,,
rel_04_other_industry_count,relational,hash,broadcast,,,30,0,30,13.00878000135223,26.725899951998144,28.501999971922487,10.0934766640421,16.009383328491822,available,P99 is the maximum or near-maximum of only 30 timings; interpret cautiously.,30,1.7967902,2.745262,3.59275,1.6071612666666666,2.0055391333333334,available,P99 is the maximum or near-maximum of only 30 timings; interpret cautiously.,0,,,,,,insufficient_samples,P99 is the maximum or near-maximum of only 0 timings; interpret cautiously.,0,,,,,,insufficient_samples,P99 is the maximum or near-maximum of only 0 timings; interpret cautiously.,30,,,,,,
rel_04_other_industry_count,relational,industry,selective,b,,30,0,30,12.141666658377895,28.93559995573014,29.136699973605573,9.433809999609366,14.988016659238687,available,P99 is the maximum or near-maximum of only 30 timings; interpret cautiously.,30,1.7181546333333335,2.586119,3.009191,1.5729182666666666,1.876441,available,P99 is the maximum or near-maximum of only 30 timings; interpret cautiously.,0,,,,,,insufficient_samples,P99 is the maximum or near-maximum of only 0 timings; interpret cautiously.,0,,,,,,insufficient_samples,P99 is the maximum or near-maximum of only 0 timings; interpret cautiously.,30,,,,,,
rel_05_2010s_count,relational,hash,broadcast,,,30,0,30,10.875449991241718,26.207699964288622,28.26019999338314,7.893079988813649,14.09025665683051,available,P99 is the maximum or near-maximum of only 30 timings; interpret cautiously.,30,1.7613338333333333,2.349468,2.518279,1.6348959333333333,1.8917990333333334,available,P99 is the maximum or near-maximum of only 30 timings; interpret cautiously.,0,,,,,,insufficient_samples,P99 is the maximum or near-maximum of only 0 timings; interpret cautiously.,0,,,,,,insufficient_samples,P99 is the maximum or near-maximum of only 0 timings; interpret cautiously.,30,,,,,,
rel_05_2010s_count,relational,industry,broadcast,,,30,0,30,14.411139998507375,27.929199975915253,30.172200000379235,11.499503324739635,17.44849999862102,available,P99 is the maximum or near-maximum of only 30 timings; interpret cautiously.,30,2.0491525,3.257353,3.316021,1.8673257333333335,2.246157166666667,available,P99 is the maximum or near-maximum of only 30 timings; interpret cautiously.,0,,,,,,insufficient_samples,P99 is the maximum or near-maximum of only 0 timings; interpret cautiously.,0,,,,,,insufficient_samples,P99 is the maximum or near-maximum of only 0 timings; interpret cautiously.,30,,,,,,
rel_06_action_count,relational,hash,broadcast,,,30,0,30,12.644969997927547,27.042599976994097,27.342699992004782,9.621539991348982,15.732349990867078,available,P99 is the maximum or near-maximum of only 30 timings; interpret cautiously.,30,2.4956281,3.0744499999999997,3.093892,2.3606676666666666,2.6240201666666665,available,P99 is the maximum or near-maximum of only 30 timings; interpret cautiously.,0,,,,,,insufficient_samples,P99 is the maximum or near-maximum of only 0 timings; interpret cautiously.,0,,,,,,insufficient_samples,P99 is the maximum or near-maximum of only 0 timings; interpret cautiously.,30,,,,,,
rel_06_action_count,relational,industry,broadcast,,,30,0,30,15.877733331096048,27.209300023969263,29.586500022560358,14.062829996692017,17.818336664155748,available,P99 is the maximum or near-maximum of only 30 timings; interpret cautiously.,30,3.1143954,3.842726,4.836023,2.9615470333333334,3.297049766666667,available,P99 is the maximum or near-maximum of only 30 timings; interpret cautiously.,0,,,,,,insufficient_samples,P99 is the maximum or near-maximum of only 0 timings; interpret cautiously.,0,,,,,,insufficient_samples,P99 is the maximum or near-maximum of only 0 timings; interpret cautiously.,30,,,,,,
rel_07_india_count,relational,hash,broadcast,,,30,0,30,13.25200332988364,25.29830002458766,29.200399992987514,10.96663333203954,15.540953331704563,available,P99 is the maximum or near-maximum of only 30 timings; interpret cautiously.,30,2.6693105666666668,3.211827,4.450015,2.522590233333333,2.8490697000000003,available,P99 is the maximum or near-maximum of only 30 timings; interpret cautiously.,0,,,,,,insufficient_samples,P99 is the maximum or near-maximum of only 0 timings; interpret cautiously.,0,,,,,,insufficient_samples,P99 is the maximum or near-maximum of only 0 timings; interpret cautiously.,30,,,,,,
rel_07_india_count,relational,industry,broadcast,,,30,0,30,12.775436668501547,26.785199996083975,26.867099979426712,10.061433335067704,15.568459996332725,available,P99 is the maximum or near-maximum of only 30 timings; interpret cautiously.,30,2.2499916,3.155844,3.407624,2.0914148666666668,2.4196640333333335,available,P99 is the maximum or near-maximum of only 30 timings; interpret cautiously.,0,,,,,,insufficient_samples,P99 is the maximum or near-maximum of only 0 timings; interpret cautiously.,0,,,,,,insufficient_samples,P99 is the maximum or near-maximum of only 0 timings; interpret cautiously.,30,,,,,,
rel_08_nolan_count,relational,hash,broadcast,,,30,0,30,15.883973337865124,28.790100011974573,30.031500034965575,13.295016668659324,18.467416674441967,available,P99 is the maximum or near-maximum of only 30 timings; interpret cautiously.,30,2.2557863333333334,2.873907,4.640332,2.0775373999999998,2.4800219333333335,available,P99 is the maximum or near-maximum of only 30 timings; interpret cautiously.,0,,,,,,insufficient_samples,P99 is the maximum or near-maximum of only 0 timings; interpret cautiously.,0,,,,,,insufficient_samples,P99 is the maximum or near-maximum of only 0 timings; interpret cautiously.,30,,,,,,
rel_08_nolan_count,relational,industry,broadcast,,,30,0,30,14.474676663909728,27.803100005257875,30.124900047667325,11.668759997701272,17.33091999582636,available,P99 is the maximum or near-maximum of only 30 timings; interpret cautiously.,30,2.5244157,3.741268,3.809097,2.3225131666666665,2.7354642333333334,available,P99 is the maximum or near-maximum of only 30 timings; interpret cautiously.,0,,,,,,insufficient_samples,P99 is the maximum or near-maximum of only 0 timings; interpret cautiously.,0,,,,,,insufficient_samples,P99 is the maximum or near-maximum of only 0 timings; interpret cautiously.,30,,,,,,
rel_08_nolan_count,relational,industry,selective,a,,30,0,30,12.773633336958786,27.364999987185,27.429499954450876,9.746453330929702,15.920070003873358,available,P99 is the maximum or near-maximum of only 30 timings; interpret cautiously.,30,1.8986788333333335,2.417484,2.451341,1.7930514,2.008949133333333,available,P99 is the maximum or near-maximum of only 30 timings; interpret cautiously.,0,,,,,,insufficient_samples,P99 is the maximum or near-maximum of only 0 timings; interpret cautiously.,0,,,,,,insufficient_samples,P99 is the maximum or near-maximum of only 0 timings; interpret cautiously.,30,,,,,,
rel_09_hollywood_science_fiction_count,relational,hash,broadcast,,,30,0,30,14.2915300015981,29.585700016468763,29.733899980783463,11.236333334818482,17.382343334611505,available,P99 is the maximum or near-maximum of only 30 timings; interpret cautiously.,30,3.0109711666666663,3.898201,4.790438999999999,2.824738066666667,3.2232163,available,P99 is the maximum or near-maximum of only 30 timings; interpret cautiously.,0,,,,,,insufficient_samples,P99 is the maximum or near-maximum of only 0 timings; interpret cautiously.,0,,,,,,insufficient_samples,P99 is the maximum or near-maximum of only 0 timings; interpret cautiously.,30,,,,,,
rel_09_hollywood_science_fiction_count,relational,industry,selective,a,,30,0,30,14.014680000642935,25.14889999292791,27.46909996494651,11.869546668215966,16.174556662250932,available,P99 is the maximum or near-maximum of only 30 timings; interpret cautiously.,30,3.1542326666666667,4.004392,4.1865060000000005,3.0112886333333333,3.302660766666667,available,P99 is the maximum or near-maximum of only 30 timings; interpret cautiously.,0,,,,,,insufficient_samples,P99 is the maximum or near-maximum of only 0 timings; interpret cautiously.,0,,,,,,insufficient_samples,P99 is the maximum or near-maximum of only 0 timings; interpret cautiously.,30,,,,,,
rel_10_recent_bollywood_count,relational,hash,broadcast,,,30,0,30,12.500803331689289,28.28810003120452,28.920300013851374,9.492759990583485,15.662436658749357,available,P99 is the maximum or near-maximum of only 30 timings; interpret cautiously.,30,1.9200436,2.909173,2.993433,1.7397942,2.1057228666666665,available,P99 is the maximum or near-maximum of only 30 timings; interpret cautiously.,0,,,,,,insufficient_samples,P99 is the maximum or near-maximum of only 0 timings; interpret cautiously.,0,,,,,,insufficient_samples,P99 is the maximum or near-maximum of only 0 timings; interpret cautiously.,30,,,,,,
rel_10_recent_bollywood_count,relational,industry,selective,b,,30,0,30,10.68682666712751,26.142199989408255,26.97140001691878,7.8714733341864,13.78857999613198,available,P99 is the maximum or near-maximum of only 30 timings; interpret cautiously.,30,1.9548024666666666,2.446309,2.539326,1.8631215333333335,2.0501524666666664,available,P99 is the maximum or near-maximum of only 30 timings; interpret cautiously.,0,,,,,,insufficient_samples,P99 is the maximum or near-maximum of only 0 timings; interpret cautiously.,0,,,,,,insufficient_samples,P99 is the maximum or near-maximum of only 0 timings; interpret cautiously.,30,,,,,,
rel_11_comedy_or_drama_count,relational,hash,broadcast,,,30,0,30,16.37725999074367,31.78039996419102,34.748799982480705,12.878423335496336,20.129306649323553,available,P99 is the maximum or near-maximum of only 30 timings; interpret cautiously.,30,4.942940433333333,7.251759,7.388792,4.648031933333333,5.277811566666667,available,P99 is the maximum or near-maximum of only 30 timings; interpret cautiously.,0,,,,,,insufficient_samples,P99 is the maximum or near-maximum of only 0 timings; interpret cautiously.,0,,,,,,insufficient_samples,P99 is the maximum or near-maximum of only 0 timings; interpret cautiously.,30,,,,,,
rel_11_comedy_or_drama_count,relational,industry,broadcast,,,30,0,30,15.259533340577036,31.50199999799952,31.886100012343377,12.272210009784127,18.562426674179733,available,P99 is the maximum or near-maximum of only 30 timings; interpret cautiously.,30,6.715597266666666,9.668568,11.790555,6.251153333333333,7.2696494000000005,available,P99 is the maximum or near-maximum of only 30 timings; interpret cautiously.,0,,,,,,insufficient_samples,P99 is the maximum or near-maximum of only 0 timings; interpret cautiously.,0,,,,,,insufficient_samples,P99 is the maximum or near-maximum of only 0 timings; interpret cautiously.,30,,,,,,
rel_12_known_movies,relational,hash,broadcast,,,30,0,30,8.69929667096585,25.930700008757412,27.409299975261092,6.418823344089712,11.374319994744534,available,P99 is the maximum or near-maximum of only 30 timings; interpret cautiously.,30,2.0159448,2.526266,2.5824599999999998,1.9264471333333333,2.106452733333333,available,P99 is the maximum or near-maximum of only 30 timings; interpret cautiously.,0,,,,,,insufficient_samples,P99 is the maximum or near-maximum of only 0 timings; interpret cautiously.,0,,,,,,insufficient_samples,P99 is the maximum or near-maximum of only 0 timings; interpret cautiously.,30,,,,,,
rel_12_known_movies,relational,industry,broadcast,,,30,0,30,10.419019998516887,27.832199994008988,29.850299993995577,7.526436667346085,13.669603317975998,available,P99 is the maximum or near-maximum of only 30 timings; interpret cautiously.,30,1.7564253333333333,2.447025,2.649235,1.6361597666666665,1.8892623,available,P99 is the maximum or near-maximum of only 30 timings; interpret cautiously.,0,,,,,,insufficient_samples,P99 is the maximum or near-maximum of only 0 timings; interpret cautiously.,0,,,,,,insufficient_samples,P99 is the maximum or near-maximum of only 0 timings; interpret cautiously.,30,,,,,,
dense_01_matrix,vector_dense,hash,broadcast,,filter_then_search,30,0,30,17.426559998421,32.60420000879094,33.20160001749173,14.07235333463177,20.91908332852957,available,P99 is the maximum or near-maximum of only 30 timings; interpret cautiously.,30,6.2774231333333335,7.166823999999999,7.414899,6.102884599999999,6.4634201,available,P99 is the maximum or near-maximum of only 30 timings; interpret cautiously.,30,2.8956631,3.302741,3.396016,2.8323739666666667,2.9635271666666667,available,P99 is the maximum or near-maximum of only 30 timings; interpret cautiously.,30,3.3809256,4.290893,4.455223999999999,3.2386715,3.5352823333333334,available,P99 is the maximum or near-maximum of only 30 timings; interpret cautiously.,,0.0,0.0,0.0,0.0,0.0,
dense_01_matrix,vector_dense,industry,broadcast,,filter_then_search,30,0,30,19.23972666845657,31.617800006642938,32.30640001129359,15.729830000782385,22.707103338325396,available,P99 is the maximum or near-maximum of only 30 timings; interpret cautiously.,30,6.238116566666666,6.960153999999999,8.164921,6.0737366,6.4292494,available,P99 is the maximum or near-maximum of only 30 timings; interpret cautiously.,30,2.832926866666667,3.1558990000000002,3.201124,2.7806854000000003,2.8866747333333334,available,P99 is the maximum or near-maximum of only 30 timings; interpret cautiously.,30,3.4030894,4.079778,5.377255,3.2586183666666666,3.5855714333333335,available,P99 is the maximum or near-maximum of only 30 timings; interpret cautiously.,,0.0,0.0,0.0,0.0,0.0,
dense_02_interstellar,vector_dense,hash,broadcast,,filter_then_search,30,0,30,13.377049999932447,29.845000011846423,30.874699994456023,11.004803325825682,16.099966666661203,available,P99 is the maximum or near-maximum of only 30 timings; interpret cautiously.,30,6.0087706,6.411115000000001,7.13167,5.902340433333333,6.132695466666666,available,P99 is the maximum or near-maximum of only 30 timings; interpret cautiously.,30,2.7451350333333333,2.9577660000000003,3.0024539999999997,2.7065224,2.7838035,available,P99 is the maximum or near-maximum of only 30 timings; interpret cautiously.,30,3.2628185000000003,3.570185,4.233441,3.1749987,3.3652908333333333,available,P99 is the maximum or near-maximum of only 30 timings; interpret cautiously.,,1.0,0.1,1.0,0.18181818181818182,1.0,
dense_02_interstellar,vector_dense,industry,broadcast,,filter_then_search,30,0,30,16.72018666868098,32.366600004024804,33.81450002780184,13.748756668064743,19.959313337070245,available,P99 is the maximum or near-maximum of only 30 timings; interpret cautiously.,30,6.6258512,7.791829999999999,9.6618,6.405045833333333,6.904758066666667,available,P99 is the maximum or near-maximum of only 30 timings; interpret cautiously.,30,3.0468566,3.340418,5.984675,2.901598133333333,3.2780940666666667,available,P99 is the maximum or near-maximum of only 30 timings; interpret cautiously.,30,3.5781763333333334,4.487598,4.504302,3.4655489000000004,3.7094446666666667,available,P99 is the maximum or near-maximum of only 30 timings; interpret cautiously.,,1.0,0.1,1.0,0.18181818181818182,1.0,
dense_03_titanic,vector_dense,hash,broadcast,,filter_then_search,30,0,30,17.938683335281286,32.19810000155121,32.20760001568124,14.339686664364612,21.5003033382042,available,P99 is the maximum or near-maximum of only 30 timings; interpret cautiously.,30,5.653531966666667,6.781315,6.886985,5.452557166666667,5.849384633333333,available,P99 is the maximum or near-maximum of only 30 timings; interpret cautiously.,30,2.6575318666666665,3.044094,3.464788,2.5764095,2.746462966666667,available,P99 is the maximum or near-maximum of only 30 timings; interpret cautiously.,30,2.995064833333333,3.67264,3.871363,2.8624069000000003,3.1271834333333337,available,P99 is the maximum or near-maximum of only 30 timings; interpret cautiously.,,1.0,0.1,1.0,0.18181818181818182,0.38685280723454163,
dense_03_titanic,vector_dense,industry,broadcast,,filter_then_search,30,0,30,17.93584332917817,32.293899974320084,32.645599974785,14.185576672510555,21.71015667069393,available,P99 is the maximum or near-maximum of only 30 timings; interpret cautiously.,30,5.659353066666666,6.978171,8.090515,5.3896806,5.9562683000000005,available,P99 is the maximum or near-maximum of only 30 timings; interpret cautiously.,30,2.7166565666666664,3.772777,4.1326030000000005,2.5815232666666668,2.8772091333333334,available,P99 is the maximum or near-maximum of only 30 timings; interpret cautiously.,30,2.9406049,3.956775,4.045937,2.773329766666667,3.122887566666667,available,P99 is the maximum or near-maximum of only 30 timings; interpret cautiously.,,1.0,0.1,1.0,0.18181818181818182,0.38685280723454163,
dense_04_forrest_gump,vector_dense,hash,broadcast,,filter_then_search,30,0,30,26.293346666110057,31.85010002925992,32.764999952632934,23.00812333705835,29.142833332298324,available,P99 is the maximum or near-maximum of only 30 timings; interpret cautiously.,30,5.673435266666667,6.6905,6.7942480000000005,5.4832059,5.865835700000001,available,P99 is the maximum or near-maximum of only 30 timings; interpret cautiously.,30,2.676227433333333,3.010034,3.2509409999999996,2.6005633333333336,2.752863666666667,available,P99 is the maximum or near-maximum of only 30 timings; interpret cautiously.,30,2.9963603666666665,3.783515,3.825292,2.8675396333333336,3.1273505999999998,available,P99 is the maximum or near-maximum of only 30 timings; interpret cautiously.,,1.0,0.1,1.0,0.18181818181818182,1.0,
dense_04_forrest_gump,vector_dense,industry,broadcast,,filter_then_search,30,0,30,23.474346660077572,32.5458999723196,33.746999979484826,19.760713330470026,26.866953319404274,available,P99 is the maximum or near-maximum of only 30 timings; interpret cautiously.,30,6.2783891,7.369096000000001,7.560266,6.042194566666667,6.5072984,available,P99 is the maximum or near-maximum of only 30 timings; interpret cautiously.,30,2.876601733333333,3.370573,3.716757,2.774295266666667,2.985055033333333,available,P99 is the maximum or near-maximum of only 30 timings; interpret cautiously.,30,3.4009313999999997,4.225411,4.324631,3.2408694666666666,3.5556794999999997,available,P99 is the maximum or near-maximum of only 30 timings; interpret cautiously.,,1.0,0.1,1.0,0.18181818181818182,1.0,
dense_05_ddlj,vector_dense,hash,broadcast,,filter_then_search,30,0,30,22.395756675784167,32.528000010643154,33.15070003736764,18.504546670010313,25.963310008713353,available,P99 is the maximum or near-maximum of only 30 timings; interpret cautiously.,30,5.8904836,7.093162,7.669338000000001,5.653364,6.136499466666667,available,P99 is the maximum or near-maximum of only 30 timings; interpret cautiously.,30,2.7899197666666664,3.422401,3.7174899999999997,2.6780775,2.9153293000000002,available,P99 is the maximum or near-maximum of only 30 timings; interpret cautiously.,30,3.0997707333333335,3.9096210000000005,3.9507830000000004,2.944929633333333,3.2553355,available,P99 is the maximum or near-maximum of only 30 timings; interpret cautiously.,,0.0,0.0,0.0,0.0,0.0,
dense_05_ddlj,vector_dense,industry,broadcast,,filter_then_search,30,0,30,21.468140000555042,32.259900006465614,33.428800001274794,17.572583341582988,25.25374666438438,available,P99 is the maximum or near-maximum of only 30 timings; interpret cautiously.,30,5.760053766666667,7.044229,7.992897,5.4557641,6.081397033333333,available,P99 is the maximum or near-maximum of only 30 timings; interpret cautiously.,30,2.7027066666666664,3.1455509999999998,3.699822,2.5853604333333333,2.8292694666666667,available,P99 is the maximum or near-maximum of only 30 timings; interpret cautiously.,30,3.056497133333333,4.086589,4.291355,2.8615838,3.2631027333333336,available,P99 is the maximum or near-maximum of only 30 timings; interpret cautiously.,,0.0,0.0,0.0,0.0,0.0,
dense_06_three_idiots,vector_dense,hash,broadcast,,filter_then_search,30,0,30,26.93158666564462,33.12279999954626,33.19049999117851,23.91594333651786,29.461046669166535,available,P99 is the maximum or near-maximum of only 30 timings; interpret cautiously.,30,6.131145733333333,9.379076,9.530591,5.785180166666667,6.5521568666666665,available,P99 is the maximum or near-maximum of only 30 timings; interpret cautiously.,30,2.835793166666667,3.7441000000000004,4.188241,2.6986479333333335,2.995445533333333,available,P99 is the maximum or near-maximum of only 30 timings; interpret cautiously.,30,3.2943611666666666,5.189525000000001,6.342727,3.0525629,3.6079016666666663,available,P99 is the maximum or near-maximum of only 30 timings; interpret cautiously.,,1.0,0.1,1.0,0.18181818181818182,0.5,
dense_06_three_idiots,vector_dense,industry,broadcast,,filter_then_search,30,0,30,21.51770000346005,33.47520000534132,34.074399969540536,17.78233666943076,25.166626672338072,available,P99 is the maximum or near-maximum of only 30 timings; interpret cautiously.,30,5.9011824,7.394439,7.917709,5.637453866666666,6.170337133333334,available,P99 is the maximum or near-maximum of only 30 timings; interpret cautiously.,30,2.7840960999999997,3.241756,4.009487,2.6737010666666667,2.9105137,available,P99 is the maximum or near-maximum of only 30 timings; interpret cautiously.,30,3.1162736,4.076874,4.639409,2.9349269333333337,3.3075569666666667,available,P99 is the maximum or near-maximum of only 30 timings; interpret cautiously.,,1.0,0.1,1.0,0.18181818181818182,0.5,
dense_07_inception_filtered,vector_dense,hash,broadcast,,filter_then_search,30,0,30,26.426259994817276,32.72429999196902,33.843500015791506,23.356973321642727,29.02183665816362,available,P99 is the maximum or near-maximum of only 30 timings; interpret cautiously.,30,5.017168600000001,6.490147,8.447222,4.686314766666667,5.3870885,available,P99 is the maximum or near-maximum of only 30 timings; interpret cautiously.,30,1.9048803333333335,2.962934,3.296209,1.7596321333333333,2.0669593,available,P99 is the maximum or near-maximum of only 30 timings; interpret cautiously.,30,3.110934,3.9951969999999997,5.1497649999999995,2.8991385666666667,3.3456642,available,P99 is the maximum or near-maximum of only 30 timings; interpret cautiously.,,1.0,0.1,1.0,0.18181818181818182,1.0,
dense_07_inception_filtered,vector_dense,hash,broadcast,,search_then_filter,30,0,30,28.932680003345013,34.84999999636784,46.80499999085441,26.166143336255725,31.45918000373058,available,P99 is the maximum or near-maximum of only 30 timings; interpret cautiously.,30,9.3170965,10.150635,20.470285,8.784915333333334,10.1864683,available,P99 is the maximum or near-maximum of only 30 timings; interpret cautiously.,30,3.136144733333333,3.469128,7.101846,2.9424751999999996,3.4491848,available,P99 is the maximum or near-maximum of only 30 timings; interpret cautiously.,30,6.179800366666667,7.079457,13.367713,5.800376433333333,6.7656645,available,P99 is the maximum or near-maximum of only 30 timings; interpret cautiously.,,1.0,0.1,1.0,0.18181818181818182,1.0,
dense_07_inception_filtered,vector_dense,industry,broadcast,,filter_then_search,30,0,30,19.086239993339404,31.185700034257025,32.21899998607114,15.332736657001078,22.972133324947208,available,P99 is the maximum or near-maximum of only 30 timings; interpret cautiously.,30,5.108137733333334,6.182726000000001,6.403904,4.930934433333333,5.306743233333333,available,P99 is the maximum or near-maximum of only 30 timings; interpret cautiously.,30,1.7480872666666667,2.708609,2.785021,1.6437612666666666,1.8772880666666665,available,P99 is the maximum or near-maximum of only 30 timings; interpret cautiously.,30,3.358860233333333,3.828122,4.103479,3.2502529,3.4738818,available,P99 is the maximum or near-maximum of only 30 timings; interpret cautiously.,,1.0,0.1,1.0,0.18181818181818182,1.0,
dense_07_inception_filtered,vector_dense,industry,broadcast,,search_then_filter,30,0,30,27.4435366562102,37.08789998199791,37.60489996057004,25.05786000401713,29.69698997718903,available,P99 is the maximum or near-maximum of only 30 timings; interpret cautiously.,30,14.579059466666667,16.115759999999998,19.962217000000003,14.149191166666666,15.097611233333334,available,P99 is the maximum or near-maximum of only 30 timings; interpret cautiously.,30,3.132552566666667,3.477433,3.9651620000000003,3.0733436333333333,3.2100275999999996,available,P99 is the maximum or near-maximum of only 30 timings; interpret cautiously.,30,11.445453233333334,12.693507,16.667817000000003,11.0492472,11.9381181,available,P99 is the maximum or near-maximum of only 30 timings; interpret cautiously.,,1.0,0.1,1.0,0.18181818181818182,1.0,
dense_08_toy_story_filtered,vector_dense,hash,broadcast,,filter_then_search,30,0,30,22.375936672324315,33.170800015795976,33.551600005012006,18.95238333963789,25.708216675169144,available,P99 is the maximum or near-maximum of only 30 timings; interpret cautiously.,30,7.447632033333334,8.582818000000001,8.801565,7.215800466666667,7.673404633333333,available,P99 is the maximum or near-maximum of only 30 timings; interpret cautiously.,30,3.090574033333333,3.557401,3.667029,2.9993076666666667,3.1864621333333334,available,P99 is the maximum or near-maximum of only 30 timings; interpret cautiously.,30,4.354341466666667,5.01691,5.242577,4.1848304333333335,4.514702466666666,available,P99 is the maximum or near-maximum of only 30 timings; interpret cautiously.,,1.0,0.1,1.0,0.18181818181818182,1.0,
dense_08_toy_story_filtered,vector_dense,hash,broadcast,,search_then_filter,30,0,30,29.852649996367592,44.80119998333976,53.53370000375435,26.721639999110874,33.197979997688286,available,P99 is the maximum or near-maximum of only 30 timings; interpret cautiously.,30,17.560544966666665,24.030802,28.554745,16.4797301,18.8155383,available,P99 is the maximum or near-maximum of only 30 timings; interpret cautiously.,30,4.093058533333333,4.797485,5.08603,3.9691278666666667,4.2260398666666665,available,P99 is the maximum or near-maximum of only 30 timings; interpret cautiously.,30,13.465233633333334,18.942361000000002,23.996548,12.480683833333334,14.6246559,available,P99 is the maximum or near-maximum of only 30 timings; interpret cautiously.,,1.0,0.1,1.0,0.18181818181818182,1.0,
dense_08_toy_story_filtered,vector_dense,industry,selective,a,filter_then_search,30,0,30,22.234486668215443,31.527900020591915,40.713800000958145,20.117390000571806,24.604506670342136,available,P99 is the maximum or near-maximum of only 30 timings; interpret cautiously.,30,11.8163251,13.075220999999999,13.762258,11.5569712,12.075012933333333,available,P99 is the maximum or near-maximum of only 30 timings; interpret cautiously.,30,4.053121833333333,4.463195,5.531931999999999,3.951168733333333,4.182920166666666,available,P99 is the maximum or near-maximum of only 30 timings; interpret cautiously.,30,7.760837166666667,8.559064999999999,9.205502000000001,7.5607262,7.9614098,available,P99 is the maximum or near-maximum of only 30 timings; interpret cautiously.,,1.0,0.1,1.0,0.18181818181818182,1.0,
dense_08_toy_story_filtered,vector_dense,industry,selective,a,search_then_filter,30,0,30,40.750279993517324,54.146199952811,56.75829999381676,38.07462333740356,43.47159999112288,available,P99 is the maximum or near-maximum of only 30 timings; interpret cautiously.,30,25.7803526,27.965214,32.049163,25.298789733333333,26.375516466666667,available,P99 is the maximum or near-maximum of only 30 timings; interpret cautiously.,30,4.0420424666666666,4.3009129999999995,4.3601090000000005,3.979307233333333,4.100174666666667,available,P99 is the maximum or near-maximum of only 30 timings; interpret cautiously.,30,21.73595763333333,23.821856999999998,27.880146,21.272691366666667,22.307924800000002,available,P99 is the maximum or near-maximum of only 30 timings; interpret cautiously.,,1.0,0.1,1.0,0.18181818181818182,1.0,
dense_09_gladiator_filtered,vector_dense,hash,broadcast,,filter_then_search,30,0,30,19.873569996949907,33.72250002576038,38.999500044155866,18.09399666575094,22.11908000560167,available,P99 is the maximum or near-maximum of only 30 timings; interpret cautiously.,30,11.129157333333334,13.103892,13.844784,10.723533966666668,11.570071633333333,available,P99 is the maximum or near-maximum of only 30 timings; interpret cautiously.,30,3.3306182333333334,4.200283,4.259082,3.1964358666666666,3.4757440333333336,available,P99 is the maximum or near-maximum of only 30 timings; interpret cautiously.,30,7.796260533333334,9.232258,10.122858,7.487799666666667,8.134602600000001,available,P99 is the maximum or near-maximum of only 30 timings; interpret cautiously.,,1.0,0.1,1.0,0.18181818181818182,1.0,
dense_09_gladiator_filtered,vector_dense,hash,broadcast,,search_then_filter,30,0,30,39.456233339539416,57.79859999893233,63.136200013104826,36.15500333835371,43.1407000112813,available,P99 is the maximum or near-maximum of only 30 timings; interpret cautiously.,30,25.87619906666667,33.513401,36.423952,24.719372766666666,27.199153966666664,available,P99 is the maximum or near-maximum of only 30 timings; interpret cautiously.,30,5.609215866666667,6.151979,10.786029000000001,5.344107133333334,6.036886633333333,available,P99 is the maximum or near-maximum of only 30 timings; interpret cautiously.,30,20.264391366666665,25.635411,27.358571,19.277018466666668,21.3151023,available,P99 is the maximum or near-maximum of only 30 timings; interpret cautiously.,,1.0,0.1,1.0,0.18181818181818182,1.0,
dense_09_gladiator_filtered,vector_dense,industry,broadcast,,filter_then_search,30,0,30,21.30378000050162,39.60200003348291,39.991999976336956,18.55703999948067,24.339413340203464,available,P99 is the maximum or near-maximum of only 30 timings; interpret cautiously.,30,10.705680666666666,12.857246,13.96166,10.146577633333333,11.233148,available,P99 is the maximum or near-maximum of only 30 timings; interpret cautiously.,30,3.0280698666666668,3.7004569999999997,3.755177,2.8812832,3.1687300333333335,available,P99 is the maximum or near-maximum of only 30 timings; interpret cautiously.,30,7.675656399999999,9.21019,10.294997,7.246453033333334,8.083535866666667,available,P99 is the maximum or near-maximum of only 30 timings; interpret cautiously.,,1.0,0.1,1.0,0.18181818181818182,1.0,
dense_09_gladiator_filtered,vector_dense,industry,broadcast,,search_then_filter,30,0,30,74.81782666485135,93.79620000254363,100.58430000208318,70.70126666803844,78.95839999934348,available,P99 is the maximum or near-maximum of only 30 timings; interpret cautiously.,30,60.93855216666667,81.274957,85.740173,57.428915100000005,64.55294310000001,available,P99 is the maximum or near-maximum of only 30 timings; interpret cautiously.,30,8.592606733333334,9.755700000000001,10.378438000000001,8.2743629,8.898908033333333,available,P99 is the maximum or near-maximum of only 30 timings; interpret cautiously.,30,52.342090866666666,70.89240600000001,76.347547,49.0709878,55.70651963333333,available,P99 is the maximum or near-maximum of only 30 timings; interpret cautiously.,,1.0,0.1,1.0,0.18181818181818182,1.0,
dense_10_dangal_filtered,vector_dense,hash,broadcast,,filter_then_search,30,0,30,34.946189993449174,47.80979995848611,48.189900000579655,33.15894332869599,36.94468332493367,available,P99 is the maximum or near-maximum of only 30 timings; interpret cautiously.,30,21.583125066666664,27.467195999999998,28.270488999999998,20.6514345,22.583834366666668,available,P99 is the maximum or near-maximum of only 30 timings; interpret cautiously.,30,6.2314164000000005,7.306385000000001,7.902159000000001,6.022603900000001,6.452617133333334,available,P99 is the maximum or near-maximum of only 30 timings; interpret cautiously.,30,15.347147666666666,20.347095,20.959954,14.540895466666665,16.20750663333333,available,P99 is the maximum or near-maximum of only 30 timings; interpret cautiously.,,1.0,0.1,1.0,0.18181818181818182,1.0,
dense_10_dangal_filtered,vector_dense,hash,broadcast,,search_then_filter,30,0,30,79.35886333580129,135.07630000822246,157.91989996796474,67.47445666696876,92.34669334255159,available,P99 is the maximum or near-maximum of only 30 timings; interpret cautiously.,30,60.42347976666667,97.989559,138.703254,51.057488533333334,70.70326329999999,available,P99 is the maximum or near-maximum of only 30 timings; interpret cautiously.,30,9.508522433333333,16.715221,23.358064000000002,8.4467685,10.8589736,available,P99 is the maximum or near-maximum of only 30 timings; interpret cautiously.,30,50.90992166666667,88.541188,115.33932700000001,42.349013633333335,60.24699403333333,available,P99 is the maximum or near-maximum of only 30 timings; interpret cautiously.,,1.0,0.1,1.0,0.18181818181818182,1.0,
dense_10_dangal_filtered,vector_dense,industry,selective,b,filter_then_search,30,0,30,40.27249000306862,52.68910003360361,64.4046999514103,37.943173345411196,42.99026999506168,available,P99 is the maximum or near-maximum of only 30 timings; interpret cautiously.,30,24.025949866666668,33.005825,46.541341,22.402062233333332,26.13416856666667,available,P99 is the maximum or near-maximum of only 30 timings; interpret cautiously.,30,6.008479266666667,8.493422,8.729747,5.701302966666666,6.345455833333333,available,P99 is the maximum or near-maximum of only 30 timings; interpret cautiously.,30,18.01263026666667,24.271291,41.011455000000005,16.514435533333334,20.0969129,available,P99 is the maximum or near-maximum of only 30 timings; interpret cautiously.,,1.0,0.1,1.0,0.18181818181818182,1.0,
dense_10_dangal_filtered,vector_dense,industry,selective,b,search_then_filter,30,0,30,62.157083329899855,90.18270001979545,93.97210000315681,56.616606668103486,67.54629999632016,available,P99 is the maximum or near-maximum of only 30 timings; interpret cautiously.,30,47.15935176666667,64.680911,75.517501,43.112651766666666,51.19159683333333,available,P99 is the maximum or near-maximum of only 30 timings; interpret cautiously.,30,5.5628707,6.986768,9.198348000000001,5.074174033333334,6.0477018,available,P99 is the maximum or near-maximum of only 30 timings; interpret cautiously.,30,41.59227586666667,58.205752,66.31428100000001,37.9187841,45.25286793333333,available,P99 is the maximum or near-maximum of only 30 timings; interpret cautiously.,,1.0,0.1,1.0,0.18181818181818182,1.0,
dense_11_resident_evil_filtered,vector_dense,hash,broadcast,,filter_then_search,30,0,30,25.032253336394206,38.55599998496473,41.27879999577999,22.514073335332796,27.69891666636492,available,P99 is the maximum or near-maximum of only 30 timings; interpret cautiously.,30,14.528404666666667,28.161175,29.827523000000003,13.094212733333334,16.2465309,available,P99 is the maximum or near-maximum of only 30 timings; interpret cautiously.,30,3.7909208333333333,4.764839,5.206952,3.5251676,4.026256933333333,available,P99 is the maximum or near-maximum of only 30 timings; interpret cautiously.,30,10.734521066666666,24.288462,25.840549,9.444445233333333,12.376555933333332,available,P99 is the maximum or near-maximum of only 30 timings; interpret cautiously.,,1.0,0.1,1.0,0.18181818181818182,1.0,
dense_11_resident_evil_filtered,vector_dense,hash,broadcast,,search_then_filter,30,0,30,37.563396660455815,49.483600014355034,54.00140001438558,34.42759666553078,40.79502666330276,available,P99 is the maximum or near-maximum of only 30 timings; interpret cautiously.,30,21.454409899999998,25.084685999999998,27.965027,20.6674934,22.2939816,available,P99 is the maximum or near-maximum of only 30 timings; interpret cautiously.,30,4.8430379666666665,5.5596939999999995,5.8032259999999996,4.720682833333333,4.973654066666667,available,P99 is the maximum or near-maximum of only 30 timings; interpret cautiously.,30,16.608818866666667,19.847539,23.240612000000002,15.839545399999999,17.431218866666665,available,P99 is the maximum or near-maximum of only 30 timings; interpret cautiously.,,1.0,0.1,1.0,0.18181818181818182,1.0,
dense_11_resident_evil_filtered,vector_dense,industry,selective,b,filter_then_search,30,0,30,22.916133331212524,37.58199996082112,39.25839997828007,19.518056667099398,26.307159992090117,available,P99 is the maximum or near-maximum of only 30 timings; interpret cautiously.,30,8.1920687,10.447947000000001,11.155928000000001,7.8576733,8.576427533333334,available,P99 is the maximum or near-maximum of only 30 timings; interpret cautiously.,30,2.2726486333333336,3.350493,3.661139,2.1275189666666665,2.4400737333333335,available,P99 is the maximum or near-maximum of only 30 timings; interpret cautiously.,30,5.917755233333334,7.074527,7.8029969999999995,5.703601233333333,6.1589745,available,P99 is the maximum or near-maximum of only 30 timings; interpret cautiously.,,1.0,0.1,1.0,0.18181818181818182,1.0,
dense_11_resident_evil_filtered,vector_dense,industry,selective,b,search_then_filter,30,0,30,31.29680666218822,46.08860000735149,46.16859997622669,27.664939997096855,35.011516662780195,available,P99 is the maximum or near-maximum of only 30 timings; interpret cautiously.,30,17.10128266666667,21.782539,22.469698,16.5481509,17.7379761,available,P99 is the maximum or near-maximum of only 30 timings; interpret cautiously.,30,2.3667702333333334,2.68973,2.980661,2.2972753999999997,2.4395086333333333,available,P99 is the maximum or near-maximum of only 30 timings; interpret cautiously.,30,14.732760733333333,19.398062,19.778579,14.213667266666667,15.3336918,available,P99 is the maximum or near-maximum of only 30 timings; interpret cautiously.,,1.0,0.1,1.0,0.18181818181818182,1.0,
dense_12_gully_boy_filtered,vector_dense,hash,broadcast,,filter_then_search,30,0,30,19.32271667368089,31.74309997120872,32.76750002987683,16.10785333517318,22.62322333602545,available,P99 is the maximum or near-maximum of only 30 timings; interpret cautiously.,30,6.852958266666667,7.829203999999999,7.829236,6.643456700000001,7.063790966666667,available,P99 is the maximum or near-maximum of only 30 timings; interpret cautiously.,30,2.0328905666666666,2.249965,2.365345,1.9730992,2.0911568333333332,available,P99 is the maximum or near-maximum of only 30 timings; interpret cautiously.,30,4.8184986,5.616233,5.6251180000000005,4.650598066666666,4.986989366666666,available,P99 is the maximum or near-maximum of only 30 timings; interpret cautiously.,,1.0,0.1,1.0,0.18181818181818182,1.0,
dense_12_gully_boy_filtered,vector_dense,hash,broadcast,,search_then_filter,30,0,30,22.195516670277964,38.11830002814531,42.2837000223808,19.943770005678136,24.702956672990695,available,P99 is the maximum or near-maximum of only 30 timings; interpret cautiously.,30,14.116872133333334,19.148933,19.152121,13.297086400000001,15.011281333333333,available,P99 is the maximum or near-maximum of only 30 timings; interpret cautiously.,30,3.6806165666666666,4.496539,7.00335,3.4693256666666668,3.9731791666666667,available,P99 is the maximum or near-maximum of only 30 timings; interpret cautiously.,30,10.4344484,14.920314000000001,15.286668,9.7138228,11.222191366666667,available,P99 is the maximum or near-maximum of only 30 timings; interpret cautiously.,,1.0,0.1,1.0,0.18181818181818182,1.0,
dense_12_gully_boy_filtered,vector_dense,industry,selective,b,filter_then_search,30,0,30,23.13605000381358,32.46840002248064,34.30949995527044,20.037350000347942,26.166213338728994,available,P99 is the maximum or near-maximum of only 30 timings; interpret cautiously.,30,7.697468266666666,8.873171,9.710576999999999,7.4451754333333335,7.955363,available,P99 is the maximum or near-maximum of only 30 timings; interpret cautiously.,30,2.1017552999999998,2.771087,2.792708,2.0072321666666664,2.2009616,available,P99 is the maximum or near-maximum of only 30 timings; interpret cautiously.,30,5.5939700666666665,6.688021,6.937826,5.3987057,5.797078066666667,available,P99 is the maximum or near-maximum of only 30 timings; interpret cautiously.,,1.0,0.1,1.0,0.18181818181818182,1.0,
dense_12_gully_boy_filtered,vector_dense,industry,selective,b,search_then_filter,30,0,30,32.527893335403256,46.10909998882562,48.166399996262044,29.06640333821997,36.117869993904606,available,P99 is the maximum or near-maximum of only 30 timings; interpret cautiously.,30,18.315094533333333,20.676940000000002,21.309007,17.962045333333332,18.707865066666667,available,P99 is the maximum or near-maximum of only 30 timings; interpret cautiously.,30,2.586872366666667,3.0051449999999997,3.0762530000000003,2.508634966666667,2.669657033333333,available,P99 is the maximum or near-maximum of only 30 timings; interpret cautiously.,30,15.726328166666667,17.806228,18.483673,15.398364366666666,16.085727966666667,available,P99 is the maximum or near-maximum of only 30 timings; interpret cautiously.,,1.0,0.1,1.0,0.18181818181818182,1.0,
sparse_01_dark_knight,vector_sparse,hash,broadcast,,filter_then_search,30,0,30,17.812783338983234,33.495299983769655,35.361999995075166,15.059403324266896,20.794873339279246,available,P99 is the maximum or near-maximum of only 30 timings; interpret cautiously.,30,8.0811627,9.912863,10.294569,7.774757699999999,8.4009868,available,P99 is the maximum or near-maximum of only 30 timings; interpret cautiously.,30,1.9764627666666668,2.378072,2.3939120000000003,1.8959718,2.0589372,available,P99 is the maximum or near-maximum of only 30 timings; interpret cautiously.,30,6.103708966666667,7.537313999999999,8.083233,5.8451955,6.3781330999999994,available,P99 is the maximum or near-maximum of only 30 timings; interpret cautiously.,,1.0,,,,,1.0
sparse_01_dark_knight,vector_sparse,hash,selective,b,filter_then_search,30,0,30,16.872073331614956,35.04460002295673,36.9275999837555,14.419976662611589,19.733089996346582,available,P99 is the maximum or near-maximum of only 30 timings; interpret cautiously.,30,8.043395499999999,9.193846,9.738805999999999,7.840166833333333,8.263957166666666,available,P99 is the maximum or near-maximum of only 30 timings; interpret cautiously.,30,1.8376934333333332,2.265698,2.4794970000000003,1.7663032666666667,1.9162571666666668,available,P99 is the maximum or near-maximum of only 30 timings; interpret cautiously.,30,6.204871266666667,6.926367,7.258398,6.046916966666667,6.368385,available,P99 is the maximum or near-maximum of only 30 timings; interpret cautiously.,,1.0,,,,,1.0
sparse_01_dark_knight,vector_sparse,industry,broadcast,,filter_then_search,30,0,30,26.791596664891888,33.889600017573684,34.10769999027252,23.737143331284944,29.470746669297416,available,P99 is the maximum or near-maximum of only 30 timings; interpret cautiously.,30,7.581406733333334,8.986758,9.122757,7.243101800000001,7.923692166666667,available,P99 is the maximum or near-maximum of only 30 timings; interpret cautiously.,30,1.8120104666666668,2.4002149999999998,2.609073,1.6974489666666666,1.9307703666666667,available,P99 is the maximum or near-maximum of only 30 timings; interpret cautiously.,30,5.7685896,6.798398,7.319372,5.503924766666667,6.031354533333333,available,P99 is the maximum or near-maximum of only 30 timings; interpret cautiously.,,1.0,,,,,1.0
sparse_01_dark_knight,vector_sparse,industry,selective,a,filter_then_search,30,0,30,23.505426667785894,32.48749999329448,33.51559996372089,19.816476663496967,26.841569998456787,available,P99 is the maximum or near-maximum of only 30 timings; interpret cautiously.,30,6.147931666666667,7.17155,7.352814,5.933606866666667,6.371904166666667,available,P99 is the maximum or near-maximum of only 30 timings; interpret cautiously.,30,1.3944493999999998,1.74627,2.040276,1.3252972333333333,1.4739552666666667,available,P99 is the maximum or near-maximum of only 30 timings; interpret cautiously.,30,4.752949766666666,5.675986,5.739389999999999,4.579098233333334,4.931114966666667,available,P99 is the maximum or near-maximum of only 30 timings; interpret cautiously.,,1.0,,,,,1.0
sparse_02_shawshank,vector_sparse,hash,broadcast,,filter_then_search,30,0,30,17.76042667333968,32.02310000779107,33.400499960407615,14.221246672483781,21.38925000326708,available,P99 is the maximum or near-maximum of only 30 timings; interpret cautiously.,30,5.4601168,6.797987,7.74075,5.2460761,5.7064923,available,P99 is the maximum or near-maximum of only 30 timings; interpret cautiously.,30,1.4276909000000002,2.015807,2.397496,1.3447103333333332,1.5284393333333335,available,P99 is the maximum or near-maximum of only 30 timings; interpret cautiously.,30,4.031875366666666,4.944412,5.342611,3.873955733333333,4.2013704,available,P99 is the maximum or near-maximum of only 30 timings; interpret cautiously.,,1.0,,,,,1.0
sparse_02_shawshank,vector_sparse,hash,selective,a,filter_then_search,30,0,30,20.40209666204949,32.63789997436106,32.6964000123553,16.902106660806265,23.918786658517394,available,P99 is the maximum or near-maximum of only 30 timings; interpret cautiously.,30,6.113376233333333,6.7865210000000005,7.545116999999999,5.939106333333333,6.293979433333333,available,P99 is the maximum or near-maximum of only 30 timings; interpret cautiously.,30,1.4217547333333334,1.956474,1.9872029999999998,1.3395692333333333,1.5095469666666665,available,P99 is the maximum or near-maximum of only 30 timings; interpret cautiously.,30,4.690990766666667,5.433803,5.588062000000001,4.551967633333334,4.8329797333333335,available,P99 is the maximum or near-maximum of only 30 timings; interpret cautiously.,,1.0,,,,,1.0
sparse_02_shawshank,vector_sparse,industry,broadcast,,filter_then_search,30,0,30,23.25838333150993,32.74769999552518,32.92449994478375,19.481066659015294,26.894383336184546,available,P99 is the maximum or near-maximum of only 30 timings; interpret cautiously.,30,5.590842133333334,6.958845,7.244467,5.394622733333334,5.807908100000001,available,P99 is the maximum or near-maximum of only 30 timings; interpret cautiously.,30,1.3678431666666666,2.1672409999999998,2.370834,1.2595952,1.4960604,available,P99 is the maximum or near-maximum of only 30 timings; interpret cautiously.,30,4.2224504666666665,5.0283560000000005,5.230309,4.091296766666667,4.362055233333333,available,P99 is the maximum or near-maximum of only 30 timings; interpret cautiously.,,1.0,,,,,1.0
sparse_02_shawshank,vector_sparse,industry,selective,a,filter_then_search,30,0,30,21.236719998220604,32.88010001415387,33.25619996758178,17.351749995335314,25.076193323669333,available,P99 is the maximum or near-maximum of only 30 timings; interpret cautiously.,30,5.501413166666667,7.0228779999999995,7.097248,5.2873578666666665,5.735707933333333,available,P99 is the maximum or near-maximum of only 30 timings; interpret cautiously.,30,1.2940834666666667,1.891307,1.972832,1.2145629,1.3850692,available,P99 is the maximum or near-maximum of only 30 timings; interpret cautiously.,30,4.206818766666667,5.049241,5.371779,4.056413466666666,4.367491966666666,available,P99 is the maximum or near-maximum of only 30 timings; interpret cautiously.,,1.0,,,,,1.0
sparse_03_pulp_fiction,vector_sparse,hash,broadcast,,filter_then_search,30,0,30,10.964123340090737,30.051900015678257,31.467300024814904,9.025893335153038,13.36815667261059,available,P99 is the maximum or near-maximum of only 30 timings; interpret cautiously.,30,5.262880933333333,6.132807,6.849677,5.0996147,5.440797533333334,available,P99 is the maximum or near-maximum of only 30 timings; interpret cautiously.,30,1.3208756333333334,1.545086,1.721102,1.2756601,1.3680649,available,P99 is the maximum or near-maximum of only 30 timings; interpret cautiously.,30,3.9413493333333336,4.431048,5.445993,3.806121033333333,4.0975945000000005,available,P99 is the maximum or near-maximum of only 30 timings; interpret cautiously.,,1.0,,,,,1.0
sparse_03_pulp_fiction,vector_sparse,hash,selective,a,filter_then_search,30,0,30,20.664020006855328,32.38370001781732,33.32460002275184,16.90791999960008,24.334346669881295,available,P99 is the maximum or near-maximum of only 30 timings; interpret cautiously.,30,5.7552452,6.657536,6.734172,5.562412800000001,5.9480949999999995,available,P99 is the maximum or near-maximum of only 30 timings; interpret cautiously.,30,1.3162619,1.871974,2.135614,1.2273862999999998,1.413879,available,P99 is the maximum or near-maximum of only 30 timings; interpret cautiously.,30,4.438430633333334,5.067191,5.122521,4.2979239,4.574647633333333,available,P99 is the maximum or near-maximum of only 30 timings; interpret cautiously.,,1.0,,,,,1.0
sparse_03_pulp_fiction,vector_sparse,industry,broadcast,,filter_then_search,30,0,30,19.73848999477923,31.86190000269562,32.95839997008443,16.026929996830102,23.42180665776444,available,P99 is the maximum or near-maximum of only 30 timings; interpret cautiously.,30,5.4292501333333325,7.191854,7.202871,5.198507733333333,5.683728366666667,available,P99 is the maximum or near-maximum of only 30 timings; interpret cautiously.,30,1.3565554666666666,1.8687289999999999,2.031264,1.2798073,1.4412076666666667,available,P99 is the maximum or near-maximum of only 30 timings; interpret cautiously.,30,4.0721203,5.159374000000001,5.333628,3.9008660666666666,4.260805666666666,available,P99 is the maximum or near-maximum of only 30 timings; interpret cautiously.,,1.0,,,,,1.0
sparse_03_pulp_fiction,vector_sparse,industry,selective,a,filter_then_search,30,0,30,15.448430003986383,31.834100023843348,31.877100002020597,12.622096672809372,18.510506664946053,available,P99 is the maximum or near-maximum of only 30 timings; interpret cautiously.,30,5.922293266666667,6.72209,6.787892,5.7682411,6.067607499999999,available,P99 is the maximum or near-maximum of only 30 timings; interpret cautiously.,30,1.4180352999999999,1.589795,1.623801,1.3791910666666667,1.4569552000000001,available,P99 is the maximum or near-maximum of only 30 timings; interpret cautiously.,30,4.503685,5.239103,5.269768999999999,4.3657954,4.6368179666666665,available,P99 is the maximum or near-maximum of only 30 timings; interpret cautiously.,,1.0,,,,,1.0
sparse_04_avatar,vector_sparse,hash,broadcast,,filter_then_search,30,0,30,14.716716669499874,30.754400009755045,31.119999999646097,12.617566661598781,17.16848999688712,available,P99 is the maximum or near-maximum of only 30 timings; interpret cautiously.,30,7.025297699999999,8.273847,8.319292,6.8012451333333335,7.2500532,available,P99 is the maximum or near-maximum of only 30 timings; interpret cautiously.,30,1.7576933666666668,1.9989029999999999,2.045617,1.7054871333333332,1.8102652666666665,available,P99 is the maximum or near-maximum of only 30 timings; interpret cautiously.,30,5.2668321,6.375857000000001,6.628351,5.066219,5.469888533333333,available,P99 is the maximum or near-maximum of only 30 timings; interpret cautiously.,,1.0,,,,,0.5
sparse_04_avatar,vector_sparse,hash,selective,b,filter_then_search,30,0,30,20.545896670470636,35.830300010275096,36.439499992411584,17.394106668264914,23.867470006613683,available,P99 is the maximum or near-maximum of only 30 timings; interpret cautiously.,30,8.872458666666667,11.336778,13.306513,8.483337333333333,9.335385566666668,available,P99 is the maximum or near-maximum of only 30 timings; interpret cautiously.,30,2.0061381333333332,2.3331939999999998,3.5109239999999997,1.9037138,2.1388149666666667,available,P99 is the maximum or near-maximum of only 30 timings; interpret cautiously.,30,6.865388233333333,9.31048,9.794739,6.554399,7.223261233333333,available,P99 is the maximum or near-maximum of only 30 timings; interpret cautiously.,,1.0,,,,,1.0
sparse_04_avatar,vector_sparse,industry,broadcast,,filter_then_search,30,0,30,23.780330002773553,34.01010000379756,34.41620001103729,20.32152000077379,27.140050003072247,available,P99 is the maximum or near-maximum of only 30 timings; interpret cautiously.,30,7.5928837,8.751692,9.211997,7.361580833333333,7.833627466666667,available,P99 is the maximum or near-maximum of only 30 timings; interpret cautiously.,30,1.7853860333333336,2.148717,2.546589,1.7054290333333335,1.8742595666666666,available,P99 is the maximum or near-maximum of only 30 timings; interpret cautiously.,30,5.8067774,6.664802,7.021845,5.634438566666666,5.9894347,available,P99 is the maximum or near-maximum of only 30 timings; interpret cautiously.,,1.0,,,,,1.0
sparse_04_avatar,vector_sparse,industry,selective,a,filter_then_search,30,0,30,18.969433335587382,32.58780000032857,33.652499958407134,16.331226667777326,21.85142667343219,available,P99 is the maximum or near-maximum of only 30 timings; interpret cautiously.,30,8.5839945,10.863416,11.304283999999999,8.192160333333334,9.021806333333332,available,P99 is the maximum or near-maximum of only 30 timings; interpret cautiously.,30,1.9490647666666665,2.43929,2.8752050000000002,1.8540700333333333,2.0573487333333333,available,P99 is the maximum or near-maximum of only 30 timings; interpret cautiously.,30,6.633981533333334,8.504083000000001,9.586941999999999,6.302038133333334,7.013695566666667,available,P99 is the maximum or near-maximum of only 30 timings; interpret cautiously.,,1.0,,,,,1.0
sparse_05_ddlj,vector_sparse,hash,broadcast,,filter_then_search,30,0,30,19.00267000310123,31.9642000249587,34.135500027332455,16.360629996052012,21.881826675962657,available,P99 is the maximum or near-maximum of only 30 timings; interpret cautiously.,30,8.582659966666666,10.539299999999999,10.653361,8.333987433333332,8.860211999999999,available,P99 is the maximum or near-maximum of only 30 timings; interpret cautiously.,30,2.097742466666667,2.382058,2.518134,2.039258166666667,2.160781,available,P99 is the maximum or near-maximum of only 30 timings; interpret cautiously.,30,6.484110866666667,8.156459,8.578722,6.2657517333333335,6.734418700000001,available,P99 is the maximum or near-maximum of only 30 timings; interpret cautiously.,,1.0,,,,,1.0
sparse_05_ddlj,vector_sparse,hash,selective,a,filter_then_search,30,0,30,26.06878666362415,33.54079998098314,36.38659999705851,23.122966669810314,28.766263332605984,available,P99 is the maximum or near-maximum of only 30 timings; interpret cautiously.,30,8.167983099999999,9.486208,10.609738,7.8866565,8.469000733333333,available,P99 is the maximum or near-maximum of only 30 timings; interpret cautiously.,30,1.8819700333333331,2.292264,2.377047,1.7956549333333334,1.9726704,available,P99 is the maximum or near-maximum of only 30 timings; interpret cautiously.,30,6.285207600000001,7.213851,8.792869999999999,6.043006233333333,6.545845866666666,available,P99 is the maximum or near-maximum of only 30 timings; interpret cautiously.,,1.0,,,,,1.0
sparse_05_ddlj,vector_sparse,industry,broadcast,,filter_then_search,30,0,30,26.40817666348691,33.28400000464171,33.68079999927431,23.4078766622891,29.107463332669187,available,P99 is the maximum or near-maximum of only 30 timings; interpret cautiously.,30,6.483654,7.805193,8.031267,6.280360633333333,6.699034,available,P99 is the maximum or near-maximum of only 30 timings; interpret cautiously.,30,1.6840874,2.106583,2.2086509999999997,1.5995044333333333,1.7729682,available,P99 is the maximum or near-maximum of only 30 timings; interpret cautiously.,30,4.798848033333333,5.6982420000000005,6.035866,4.641765,4.965478766666666,available,P99 is the maximum or near-maximum of only 30 timings; interpret cautiously.,,1.0,,,,,1.0
sparse_05_ddlj,vector_sparse,industry,selective,b,filter_then_search,30,0,30,23.676979989977553,31.79969999473542,32.270100025925785,20.228623317476984,26.992023321023833,available,P99 is the maximum or near-maximum of only 30 timings; interpret cautiously.,30,5.965998133333333,6.838938,7.276052,5.7653493,6.169598533333333,available,P99 is the maximum or near-maximum of only 30 timings; interpret cautiously.,30,1.3918645666666667,2.008512,2.086723,1.3035345999999999,1.4910654,available,P99 is the maximum or near-maximum of only 30 timings; interpret cautiously.,30,4.5733156,5.188555,5.800777,4.414016133333334,4.734644066666666,available,P99 is the maximum or near-maximum of only 30 timings; interpret cautiously.,,1.0,,,,,1.0
sparse_06_three_idiots,vector_sparse,hash,broadcast,,filter_then_search,30,0,30,24.61523666861467,33.60150003572926,34.62069999659434,21.250619997348014,27.808873337926343,available,P99 is the maximum or near-maximum of only 30 timings; interpret cautiously.,30,5.736200833333333,6.893313,8.68414,5.502738133333334,6.0198000333333335,available,P99 is the maximum or near-maximum of only 30 timings; interpret cautiously.,30,1.4439695000000001,2.36515,2.5619110000000003,1.3478799,1.5651495666666666,available,P99 is the maximum or near-maximum of only 30 timings; interpret cautiously.,30,4.291428866666666,5.00125,6.120965,4.130074,4.4747992666666665,available,P99 is the maximum or near-maximum of only 30 timings; interpret cautiously.,,1.0,,,,,1.0
sparse_06_three_idiots,vector_sparse,hash,selective,b,filter_then_search,30,0,30,23.045570007525384,33.646500029135495,34.06939998967573,19.1922466775092,26.627093340115,available,P99 is the maximum or near-maximum of only 30 timings; interpret cautiously.,30,5.598162566666667,6.536344000000001,6.572178,5.415391,5.773909233333333,available,P99 is the maximum or near-maximum of only 30 timings; interpret cautiously.,30,1.3780896,1.938803,2.239837,1.2904342666666666,1.4776338666666669,available,P99 is the maximum or near-maximum of only 30 timings; interpret cautiously.,30,4.219361566666667,4.794404,5.115382,4.0947830666666665,4.346535366666667,available,P99 is the maximum or near-maximum of only 30 timings; interpret cautiously.,,1.0,,,,,1.0
sparse_06_three_idiots,vector_sparse,industry,broadcast,,filter_then_search,30,0,30,26.62714333855547,32.08999999333173,32.99590002279729,23.45118999752837,29.42147000382344,available,P99 is the maximum or near-maximum of only 30 timings; interpret cautiously.,30,5.597741633333333,7.007937,7.7162630000000005,5.3708584,5.855286966666667,available,P99 is the maximum or near-maximum of only 30 timings; interpret cautiously.,30,1.4726721333333332,2.0994450000000002,2.278318,1.3762833333333333,1.5797354666666668,available,P99 is the maximum or near-maximum of only 30 timings; interpret cautiously.,30,4.124331966666667,4.907779000000001,5.994134,3.9555165000000003,4.324601166666667,available,P99 is the maximum or near-maximum of only 30 timings; interpret cautiously.,,1.0,,,,,1.0
sparse_06_three_idiots,vector_sparse,industry,selective,b,filter_then_search,30,0,30,24.55142999921615,34.14910001447424,34.670400025788695,20.91555999747167,27.888466670022655,available,P99 is the maximum or near-maximum of only 30 timings; interpret cautiously.,30,5.925270766666667,8.530033,12.918723,5.404513633333334,6.575028033333334,available,P99 is the maximum or near-maximum of only 30 timings; interpret cautiously.,30,1.4190601666666667,2.533022,2.883512,1.2640151000000002,1.5994529,available,P99 is the maximum or near-maximum of only 30 timings; interpret cautiously.,30,4.505703766666667,6.332039,11.428777,4.081159433333333,5.098698233333334,available,P99 is the maximum or near-maximum of only 30 timings; interpret cautiously.,,1.0,,,,,1.0
sparse_07_interstellar_filtered,vector_sparse,hash,broadcast,,filter_then_search,30,0,30,22.37915667355992,32.818400010000914,33.975500031374395,18.920713341018807,25.708823348395526,available,P99 is the maximum or near-maximum of only 30 timings; interpret cautiously.,30,5.732660433333334,6.955010000000001,7.701116,5.491622433333333,5.9924309000000004,available,P99 is the maximum or near-maximum of only 30 timings; interpret cautiously.,30,1.6238545,2.466061,2.85705,1.5101523666666667,1.7573742666666665,available,P99 is the maximum or near-maximum of only 30 timings; interpret cautiously.,30,4.104892633333333,4.951815,5.17614,3.9474682000000003,4.277266633333334,available,P99 is the maximum or near-maximum of only 30 timings; interpret cautiously.,,1.0,,,,,1.0
sparse_07_interstellar_filtered,vector_sparse,hash,broadcast,,search_then_filter,30,0,30,23.804746663275484,33.874499960802495,37.26989997085184,20.656976664516453,27.008146660712857,available,P99 is the maximum or near-maximum of only 30 timings; interpret cautiously.,30,10.344074766666667,11.733007,11.827859,10.029480333333334,10.669218800000001,available,P99 is the maximum or near-maximum of only 30 timings; interpret cautiously.,30,1.8169830333333332,2.1143490000000003,2.227602,1.7594395666666667,1.8778846333333334,available,P99 is the maximum or near-maximum of only 30 timings; interpret cautiously.,30,8.526230033333333,9.968655,10.165339000000001,8.208293366666666,8.851772866666666,available,P99 is the maximum or near-maximum of only 30 timings; interpret cautiously.,,1.0,,,,,1.0
sparse_07_interstellar_filtered,vector_sparse,industry,broadcast,,filter_then_search,30,0,30,22.87337999829712,34.960800025146455,35.166599962394685,19.61796999676153,26.122573336275916,available,P99 is the maximum or near-maximum of only 30 timings; interpret cautiously.,30,7.607551733333334,9.103157000000001,9.794635,7.337423066666667,7.9085462,available,P99 is the maximum or near-maximum of only 30 timings; interpret cautiously.,30,1.8651524666666668,2.4028650000000003,2.422615,1.7947679333333333,1.9422682333333334,available,P99 is the maximum or near-maximum of only 30 timings; interpret cautiously.,30,5.741135233333334,7.218972,7.782332,5.501833433333333,6.011012633333333,available,P99 is the maximum or near-maximum of only 30 timings; interpret cautiously.,,1.0,,,,,1.0
sparse_07_interstellar_filtered,vector_sparse,industry,broadcast,,search_then_filter,30,0,30,34.886723335754745,47.567900037392974,47.64489998342469,31.702356673001002,38.1779800033352,available,P99 is the maximum or near-maximum of only 30 timings; interpret cautiously.,30,19.079720666666667,21.525394,22.063129,18.540897633333334,19.609462233333332,available,P99 is the maximum or near-maximum of only 30 timings; interpret cautiously.,30,2.2400923,2.610574,2.998102,2.1457714666666665,2.3361025,available,P99 is the maximum or near-maximum of only 30 timings; interpret cautiously.,30,16.838391433333335,18.93113,19.702783,16.354403466666664,17.318579133333333,available,P99 is the maximum or near-maximum of only 30 timings; interpret cautiously.,,1.0,,,,,1.0
sparse_08_fight_club_filtered,vector_sparse,hash,broadcast,,filter_then_search,30,0,30,22.457203334973503,31.924600014463067,32.333700044546276,19.05949999539492,25.79110333075126,available,P99 is the maximum or near-maximum of only 30 timings; interpret cautiously.,30,7.032813533333334,10.43294,11.751921,6.632472933333333,7.521293033333333,available,P99 is the maximum or near-maximum of only 30 timings; interpret cautiously.,30,1.9330496333333334,2.662497,5.440227,1.7310793666666666,2.2286784666666666,available,P99 is the maximum or near-maximum of only 30 timings; interpret cautiously.,30,5.098486633333334,5.679609,9.856065000000001,4.8087301333333325,5.508016466666667,available,P99 is the maximum or near-maximum of only 30 timings; interpret cautiously.,,1.0,,,,,1.0
sparse_08_fight_club_filtered,vector_sparse,hash,broadcast,,search_then_filter,30,0,30,28.58718000546408,41.013099951669574,42.309500044211745,25.978886669812102,31.195126673749957,available,P99 is the maximum or near-maximum of only 30 timings; interpret cautiously.,30,15.000388933333333,18.164431,20.072531,14.3749189,15.680813599999999,available,P99 is the maximum or near-maximum of only 30 timings; interpret cautiously.,30,2.4868858,2.874166,2.911562,2.414369966666667,2.5608881333333335,available,P99 is the maximum or near-maximum of only 30 timings; interpret cautiously.,30,12.511831133333335,15.712542999999998,17.355118,11.911870233333334,13.174299133333333,available,P99 is the maximum or near-maximum of only 30 timings; interpret cautiously.,,1.0,,,,,1.0
sparse_08_fight_club_filtered,vector_sparse,industry,broadcast,,filter_then_search,30,0,30,23.870250000618398,36.72159998677671,36.73450002679601,20.781353331403807,27.071509999223053,available,P99 is the maximum or near-maximum of only 30 timings; interpret cautiously.,30,9.627750433333334,10.649393,15.354116,9.235121133333333,10.147055233333333,available,P99 is the maximum or near-maximum of only 30 timings; interpret cautiously.,30,2.467860266666667,2.803778,6.101848,2.2810822,2.7700081,available,P99 is the maximum or near-maximum of only 30 timings; interpret cautiously.,30,7.158262833333334,8.22505,9.250998,6.924939533333333,7.4133379999999995,available,P99 is the maximum or near-maximum of only 30 timings; interpret cautiously.,,1.0,,,,,1.0
sparse_08_fight_club_filtered,vector_sparse,industry,broadcast,,search_then_filter,30,0,30,34.48030333577966,47.26050002500415,49.552699958439916,31.69828000245616,37.3299533346047,available,P99 is the maximum or near-maximum of only 30 timings; interpret cautiously.,30,17.870124766666667,20.807743,22.131416,17.284620766666666,18.491514300000002,available,P99 is the maximum or near-maximum of only 30 timings; interpret cautiously.,30,2.170058066666667,2.722811,3.165483,2.0606077666666667,2.288969266666667,available,P99 is the maximum or near-maximum of only 30 timings; interpret cautiously.,30,15.698677033333333,18.29506,19.527947,15.1953404,16.2348904,available,P99 is the maximum or near-maximum of only 30 timings; interpret cautiously.,,1.0,,,,,1.0
sparse_09_lagaan_filtered,vector_sparse,hash,broadcast,,filter_then_search,30,0,30,22.231503337388858,33.21470000082627,35.64089996507391,18.579233338823542,25.757653339921188,available,P99 is the maximum or near-maximum of only 30 timings; interpret cautiously.,30,6.667499133333333,7.654562,9.024107,6.429322866666666,6.933586933333333,available,P99 is the maximum or near-maximum of only 30 timings; interpret cautiously.,30,1.7024608,2.035836,2.367783,1.6232212666666668,1.7861605999999999,available,P99 is the maximum or near-maximum of only 30 timings; interpret cautiously.,30,4.963898066666667,5.722136,6.655177,4.786076433333333,5.159319333333333,available,P99 is the maximum or near-maximum of only 30 timings; interpret cautiously.,,1.0,,,,,1.0
sparse_09_lagaan_filtered,vector_sparse,hash,broadcast,,search_then_filter,30,0,30,25.23032667231746,35.45830002985895,37.88699995493516,22.41156333669399,28.002313332399353,available,P99 is the maximum or near-maximum of only 30 timings; interpret cautiously.,30,11.9686502,13.292788999999999,14.633487,11.636429933333334,12.319543566666665,available,P99 is the maximum or near-maximum of only 30 timings; interpret cautiously.,30,1.9240754333333332,2.244875,2.333245,1.8727423333333335,1.9813667666666666,available,P99 is the maximum or near-maximum of only 30 timings; interpret cautiously.,30,10.043231233333334,11.378289,12.671017999999998,9.729468466666667,10.372566566666666,available,P99 is the maximum or near-maximum of only 30 timings; interpret cautiously.,,1.0,,,,,1.0
sparse_09_lagaan_filtered,vector_sparse,industry,selective,b,filter_then_search,30,0,30,26.707506672634434,34.175199980381876,36.944599996786565,23.635739996097982,29.55959000585911,available,P99 is the maximum or near-maximum of only 30 timings; interpret cautiously.,30,6.690331966666666,8.750456999999999,12.977116,6.247147366666667,7.260731766666667,available,P99 is the maximum or near-maximum of only 30 timings; interpret cautiously.,30,1.6151050666666669,2.069402,2.146581,1.5353578666666665,1.6985782,available,P99 is the maximum or near-maximum of only 30 timings; interpret cautiously.,30,5.074090233333333,7.194241,11.462339,4.664243533333333,5.633363233333333,available,P99 is the maximum or near-maximum of only 30 timings; interpret cautiously.,,1.0,,,,,1.0
sparse_09_lagaan_filtered,vector_sparse,industry,selective,b,search_then_filter,30,0,30,26.896406669402495,42.16069995891303,42.45070001343265,24.315293329224613,29.530873326196645,available,P99 is the maximum or near-maximum of only 30 timings; interpret cautiously.,30,14.5024704,15.741246,16.09755,14.237409133333333,14.771532866666666,available,P99 is the maximum or near-maximum of only 30 timings; interpret cautiously.,30,1.8305945666666665,2.2091979999999998,2.278401,1.7567921,1.9096612333333334,available,P99 is the maximum or near-maximum of only 30 timings; interpret cautiously.,30,12.670522566666667,13.842547999999999,14.192009,12.4466521,12.898992333333332,available,P99 is the maximum or near-maximum of only 30 timings; interpret cautiously.,,1.0,,,,,1.0
sparse_10_andhadhun_filtered,vector_sparse,hash,broadcast,,filter_then_search,30,0,30,23.46805666262905,32.14619995560497,33.049399964511395,19.749536658249173,26.886879998104025,available,P99 is the maximum or near-maximum of only 30 timings; interpret cautiously.,30,5.8273361,7.546195,7.600643,5.5907529333333335,6.0887434,available,P99 is the maximum or near-maximum of only 30 timings; interpret cautiously.,30,1.5226301999999998,1.989413,2.559471,1.4302356666666667,1.6330038,available,P99 is the maximum or near-maximum of only 30 timings; interpret cautiously.,30,4.3036803,5.466592,5.610322,4.127701933333333,4.4933465,available,P99 is the maximum or near-maximum of only 30 timings; interpret cautiously.,,1.0,,,,,1.0
sparse_10_andhadhun_filtered,vector_sparse,hash,broadcast,,search_then_filter,30,0,30,25.66630332924736,34.72599998349324,35.020000010263175,22.360633329177897,28.708903330455843,available,P99 is the maximum or near-maximum of only 30 timings; interpret cautiously.,30,7.6730758,8.520012000000001,10.212249,7.380380000000001,7.983243,available,P99 is the maximum or near-maximum of only 30 timings; interpret cautiously.,30,1.5620592666666666,1.91561,1.936002,1.4993639333333335,1.6246519666666666,available,P99 is the maximum or near-maximum of only 30 timings; interpret cautiously.,30,6.109733966666667,7.016305,8.594091,5.8490475,6.3913085333333335,available,P99 is the maximum or near-maximum of only 30 timings; interpret cautiously.,,1.0,,,,,1.0
sparse_10_andhadhun_filtered,vector_sparse,industry,selective,b,filter_then_search,30,0,30,22.583816668096308,32.96419995604083,34.86959997098893,18.866359995445237,26.103090003986534,available,P99 is the maximum or near-maximum of only 30 timings; interpret cautiously.,30,6.8974984,8.323044,8.742287,6.623487566666666,7.1908944,available,P99 is the maximum or near-maximum of only 30 timings; interpret cautiously.,30,1.7411567000000001,2.5832479999999998,2.926534,1.6326047333333333,1.8712152666666666,available,P99 is the maximum or near-maximum of only 30 timings; interpret cautiously.,30,5.1548628,6.515277,6.85763,4.9168645,5.4134387,available,P99 is the maximum or near-maximum of only 30 timings; interpret cautiously.,,1.0,,,,,1.0
sparse_10_andhadhun_filtered,vector_sparse,industry,selective,b,search_then_filter,30,0,30,27.791389997582883,34.75339995929971,35.910399979911745,25.370726666490857,30.036993328637134,available,P99 is the maximum or near-maximum of only 30 timings; interpret cautiously.,30,10.7614147,13.06681,13.155061,10.265095133333334,11.254492533333332,available,P99 is the maximum or near-maximum of only 30 timings; interpret cautiously.,30,1.8324794333333334,2.285011,2.9245870000000003,1.7345879000000002,1.946516,available,P99 is the maximum or near-maximum of only 30 timings; interpret cautiously.,30,8.927695266666666,10.809655,11.067125,8.473812433333332,9.377770633333334,available,P99 is the maximum or near-maximum of only 30 timings; interpret cautiously.,,1.0,,,,,1.0
sparse_11_zindagi_filtered,vector_sparse,hash,broadcast,,filter_then_search,30,0,30,21.479393340026338,33.84099999675527,34.85480003291741,17.922473336026695,24.974479999703664,available,P99 is the maximum or near-maximum of only 30 timings; interpret cautiously.,30,6.951495133333333,7.805915,7.939108,6.797093066666666,7.108672666666666,available,P99 is the maximum or near-maximum of only 30 timings; interpret cautiously.,30,1.8318972333333332,2.0829820000000003,2.5062,1.7762886,1.8973488333333333,available,P99 is the maximum or near-maximum of only 30 timings; interpret cautiously.,30,5.118315733333334,5.72177,5.756091,4.9837109,5.249060366666667,available,P99 is the maximum or near-maximum of only 30 timings; interpret cautiously.,,1.0,,,,,1.0
sparse_11_zindagi_filtered,vector_sparse,hash,broadcast,,search_then_filter,30,0,30,21.6546333336737,33.63050002371892,50.85450003389269,19.0887066652067,24.761500001962606,available,P99 is the maximum or near-maximum of only 30 timings; interpret cautiously.,30,12.515295666666667,15.13835,17.870976,11.940406099999999,13.1536309,available,P99 is the maximum or near-maximum of only 30 timings; interpret cautiously.,30,2.0079736333333336,2.435699,2.74308,1.9261039333333334,2.0974710333333335,available,P99 is the maximum or near-maximum of only 30 timings; interpret cautiously.,30,10.505958433333335,12.921487,15.125456,9.9837948,11.071301533333333,available,P99 is the maximum or near-maximum of only 30 timings; interpret cautiously.,,1.0,,,,,1.0
sparse_11_zindagi_filtered,vector_sparse,industry,selective,b,filter_then_search,30,0,30,27.054836668927845,32.706899975892156,33.07659999700263,24.112260005980108,29.634630004875362,available,P99 is the maximum or near-maximum of only 30 timings; interpret cautiously.,30,7.884237566666667,9.495476,9.686388,7.560043766666666,8.2032403,available,P99 is the maximum or near-maximum of only 30 timings; interpret cautiously.,30,2.0303194,2.567054,2.700901,1.9367052333333334,2.1270043666666667,available,P99 is the maximum or near-maximum of only 30 timings; interpret cautiously.,30,5.852591533333333,6.983766,7.185586,5.594211933333333,6.101560566666667,available,P99 is the maximum or near-maximum of only 30 timings; interpret cautiously.,,1.0,,,,,1.0
sparse_11_zindagi_filtered,vector_sparse,industry,selective,b,search_then_filter,30,0,30,28.838116665914033,41.41679999884218,41.50859999936074,26.772036667292316,30.87320666721401,available,P99 is the maximum or near-maximum of only 30 timings; interpret cautiously.,30,15.348293066666667,16.799404,17.402364,15.1011995,15.616825166666667,available,P99 is the maximum or near-maximum of only 30 timings; interpret cautiously.,30,1.7202065666666668,1.910855,1.931997,1.6691632333333333,1.7698675666666666,available,P99 is the maximum or near-maximum of only 30 timings; interpret cautiously.,30,13.626566166666667,14.949659,15.676728,13.3863068,13.8906189,available,P99 is the maximum or near-maximum of only 30 timings; interpret cautiously.,,1.0,,,,,1.0
sparse_12_resident_evil_filtered,vector_sparse,hash,broadcast,,filter_then_search,30,0,30,17.41744999308139,31.865899974945933,32.30889997212216,14.192926664448654,20.724319994527225,available,P99 is the maximum or near-maximum of only 30 timings; interpret cautiously.,30,5.635364833333333,6.407597,6.672142,5.467975333333333,5.808487633333333,available,P99 is the maximum or near-maximum of only 30 timings; interpret cautiously.,30,1.4938128666666666,1.9427489999999998,2.055416,1.4219119333333334,1.5729697,available,P99 is the maximum or near-maximum of only 30 timings; interpret cautiously.,30,4.140404133333333,4.728394000000001,5.032137,4.011661,4.271455066666666,available,P99 is the maximum or near-maximum of only 30 timings; interpret cautiously.,,1.0,,,,,1.0
sparse_12_resident_evil_filtered,vector_sparse,hash,broadcast,,search_then_filter,30,0,30,24.65950999370155,34.047900000587106,36.26260004239157,21.59372999643286,27.615273334473994,available,P99 is the maximum or near-maximum of only 30 timings; interpret cautiously.,30,10.995408,12.815619,15.37176,10.582844766666666,11.456021766666668,available,P99 is the maximum or near-maximum of only 30 timings; interpret cautiously.,30,1.8869312,2.1757750000000002,2.3129489999999997,1.8322342333333335,1.9456360333333333,available,P99 is the maximum or near-maximum of only 30 timings; interpret cautiously.,30,9.107475966666668,10.757588,13.256896000000001,8.729683733333333,9.528344500000001,available,P99 is the maximum or near-maximum of only 30 timings; interpret cautiously.,,1.0,,,,,1.0
sparse_12_resident_evil_filtered,vector_sparse,industry,selective,b,filter_then_search,30,0,30,17.235673335380852,31.643299967981875,31.735400028992444,13.891696669937422,20.854736672481522,available,P99 is the maximum or near-maximum of only 30 timings; interpret cautiously.,30,5.7934952,6.508107,6.713609,5.613112666666667,5.9735757666666665,available,P99 is the maximum or near-maximum of only 30 timings; interpret cautiously.,30,1.4732437999999999,2.039864,2.5086470000000003,1.3862083666666665,1.5779116666666666,available,P99 is the maximum or near-maximum of only 30 timings; interpret cautiously.,30,4.3190508,5.0387640000000005,5.065537999999999,4.1860124333333335,4.4525462,available,P99 is the maximum or near-maximum of only 30 timings; interpret cautiously.,,1.0,,,,,1.0
sparse_12_resident_evil_filtered,vector_sparse,industry,selective,b,search_then_filter,30,0,30,26.582606668428827,40.79759999876842,41.36370000196621,23.841289999351527,29.28724999849995,available,P99 is the maximum or near-maximum of only 30 timings; interpret cautiously.,30,13.493740233333334,14.371379,15.243015,13.314328399999999,13.689660933333332,available,P99 is the maximum or near-maximum of only 30 timings; interpret cautiously.,30,1.6582608333333333,2.2915449999999997,2.540003,1.5729234666666667,1.7586606333333334,available,P99 is the maximum or near-maximum of only 30 timings; interpret cautiously.,30,11.834433733333332,12.592433,12.701476999999999,11.704798333333335,11.9699336,available,P99 is the maximum or near-maximum of only 30 timings; interpret cautiously.,,1.0,,,,,1.0
