query_kind,strategy_a,strategy_b,difference_direction,matched_query_count,matched_query_ids,client_mean_difference_ms,client_mean_difference_95_ci_lower,client_mean_difference_95_ci_upper,client_mean_difference_95_ci_status,orchestrator_mean_difference_ms,orchestrator_mean_difference_95_ci_lower,orchestrator_mean_difference_95_ci_upper,orchestrator_mean_difference_95_ci_status,resampling_seed,resample_count,sampling_unit,scope
relational,hash / broadcast,industry / broadcast,strategy_b_minus_strategy_a,7,rel_01_corpus_count;rel_05_2010s_count;rel_06_action_count;rel_07_india_count;rel_08_nolan_count;rel_11_comedy_or_drama_count;rel_12_known_movies,1.197813812731987,-0.2689671325719067,2.6502933386447176,available,0.33776325238095234,-0.10084568571428584,0.8676952666666667,available,20260915,10000,matched logical query,This comparison describes only the selected benchmark workload shared by both strategies. Repetitions were averaged within each query before comparing strategies.
relational,hash / broadcast,industry / selective,strategy_b_minus_strategy_a,6,rel_02_hollywood_count;rel_03_bollywood_count;rel_04_other_industry_count;rel_08_nolan_count;rel_09_hollywood_science_fiction_count;rel_10_recent_bollywood_count,-1.1767277781877457,-2.2056727754210836,-0.16708888967211047,available,-0.0748746444444444,-0.21000537222222218,0.046703433333333454,available,20260915,10000,matched logical query,This comparison describes only the selected benchmark workload shared by both strategies. Repetitions were averaged within each query before comparing strategies.
relational,industry / broadcast,industry / selective,strategy_b_minus_strategy_a,1,rel_08_nolan_count,-1.7010433269509413,,,insufficient_samples,-0.6257368666666665,,,insufficient_samples,20260915,10000,matched logical query,This comparison describes only the selected benchmark workload shared by both strategies. Repetitions were averaged within each query before comparing strategies.
vector_dense,hash / broadcast / filter_then_search,hash / broadcast / search_then_filter,strategy_b_minus_strategy_a,6,dense_07_inception_filtered;dense_08_toy_story_filtered;dense_09_gladiator_filtered;dense_10_dangal_filtered;dense_11_resident_evil_filtered;dense_12_gully_boy_filtered,14.89706888969522,5.174756660320176,27.629503333203804,available,13.698359394444445,6.63811551111111,24.243004155555557,available,20260915,10000,matched logical query,This comparison describes only the selected benchmark workload shared by both strategies. Repetitions were averaged within each query before comparing strategies.
vector_dense,hash / broadcast / filter_then_search,industry / broadcast / filter_then_search,strategy_b_minus_strategy_a,8,dense_01_matrix;dense_02_interstellar;dense_03_titanic;dense_04_forrest_gump;dense_05_ddlj;dense_06_three_idiots;dense_07_inception_filtered;dense_09_gladiator_filtered,-1.2396062510864188,-3.7487816659753053,1.0547825009174019,available,0.061956033333333105,-0.16799892500000035,0.31385067083333296,available,20260915,10000,matched logical query,This comparison describes only the selected benchmark workload shared by both strategies. Repetitions were averaged within each query before comparing strategies.
vector_dense,hash / broadcast / filter_then_search,industry / broadcast / search_then_filter,strategy_b_minus_strategy_a,2,dense_07_inception_filtered;dense_09_gladiator_filtered,27.980766664647184,1.0172766613929234,54.94425666790144,available,29.68564285,9.561890866666666,49.809394833333336,available,20260915,10000,matched logical query,This comparison describes only the selected benchmark workload shared by both strategies. Repetitions were averaged within each query before comparing strategies.
vector_dense,hash / broadcast / filter_then_search,industry / selective / filter_then_search,strategy_b_minus_strategy_a,4,dense_08_toy_story_filtered;dense_10_dangal_filtered;dense_11_resident_evil_filtered;dense_12_gully_boy_filtered,1.720515832615395,-1.1287850046452768,4.569816669876067,available,0.3299229750000008,-4.141545774999999,3.4876473,available,20260915,10000,matched logical query,This comparison describes only the selected benchmark workload shared by both strategies. Repetitions were averaged within each query before comparing strategies.
vector_dense,hash / broadcast / filter_then_search,industry / selective / search_then_filter,strategy_b_minus_strategy_a,4,dense_08_toy_story_filtered;dense_10_dangal_filtered;dense_11_resident_evil_filtered;dense_12_gully_boy_filtered,16.26374166129002,9.292000824643765,23.7094641677686,available,14.485990383333334,6.512838641666669,22.04770409166667,available,20260915,10000,matched logical query,This comparison describes only the selected benchmark workload shared by both strategies. Repetitions were averaged within each query before comparing strategies.
vector_dense,hash / broadcast / search_then_filter,industry / broadcast / filter_then_search,strategy_b_minus_strategy_a,2,dense_07_inception_filtered;dense_09_gladiator_filtered,-13.999446674521701,-18.152453339037795,-9.846440010005608,available,-9.689738583333334,-15.170518400000002,-4.208958766666666,available,20260915,10000,matched logical query,This comparison describes only the selected benchmark workload shared by both strategies. Repetitions were averaged within each query before comparing strategies.
vector_dense,hash / broadcast / search_then_filter,industry / broadcast / search_then_filter,strategy_b_minus_strategy_a,2,dense_07_inception_filtered;dense_09_gladiator_filtered,16.93622498908856,-1.4891433471348137,35.36159332531194,available,20.16215803333333,5.261962966666667,35.062353099999996,available,20260915,10000,matched logical query,This comparison describes only the selected benchmark workload shared by both strategies. Repetitions were averaged within each query before comparing strategies.
vector_dense,hash / broadcast / search_then_filter,industry / selective / filter_then_search,strategy_b_minus_strategy_a,4,dense_08_toy_story_filtered;dense_10_dangal_filtered;dense_11_resident_evil_filtered;dense_12_gully_boy_filtered,-15.102816664148124,-31.219320831587538,-2.956415832159111,available,-15.455873708333332,-28.902998391666664,-6.0818118666666665,available,20260915,10000,matched logical query,This comparison describes only the selected benchmark workload shared by both strategies. Repetitions were averaged within each query before comparing strategies.
vector_dense,hash / broadcast / search_then_filter,industry / selective / search_then_filter,strategy_b_minus_strategy_a,4,dense_08_toy_story_filtered;dense_10_dangal_filtered;dense_11_resident_evil_filtered;dense_12_gully_boy_filtered,-0.5595908354735011,-11.734185002084514,10.615003331137512,available,-1.2998062999999984,-8.8985404,6.209015016666667,available,20260915,10000,matched logical query,This comparison describes only the selected benchmark workload shared by both strategies. Repetitions were averaged within each query before comparing strategies.
vector_dense,industry / broadcast / filter_then_search,industry / broadcast / search_then_filter,strategy_b_minus_strategy_a,2,dense_07_inception_filtered;dense_09_gladiator_filtered,30.935671663610265,8.357296662870795,53.514046664349735,available,29.851896616666668,9.470921733333334,50.2328715,available,20260915,10000,matched logical query,This comparison describes only the selected benchmark workload shared by both strategies. Repetitions were averaged within each query before comparing strategies.
vector_dense,industry / selective / filter_then_search,industry / selective / search_then_filter,strategy_b_minus_strategy_a,4,dense_08_toy_story_filtered;dense_10_dangal_filtered;dense_11_resident_evil_filtered;dense_12_gully_boy_filtered,14.543225828674622,8.886258331282686,20.20019332606656,available,14.156067408333334,9.76342011666667,20.004457991666666,available,20260915,10000,matched logical query,This comparison describes only the selected benchmark workload shared by both strategies. Repetitions were averaged within each query before comparing strategies.
vector_sparse,hash / broadcast / filter_then_search,hash / broadcast / search_then_filter,strategy_b_minus_strategy_a,6,sparse_07_interstellar_filtered;sparse_08_fight_club_filtered;sparse_09_lagaan_filtered;sparse_10_andhadhun_filtered;sparse_11_zindagi_filtered;sparse_12_resident_evil_filtered,3.361656109336763,1.4536022195696006,5.508215001059902,available,5.108287366666667,3.573445383333334,6.563182022222222,available,20260915,10000,matched logical query,This comparison describes only the selected benchmark workload shared by both strategies. Repetitions were averaged within each query before comparing strategies.
vector_sparse,hash / broadcast / filter_then_search,hash / selective / filter_then_search,strategy_b_minus_strategy_a,6,sparse_01_dark_knight;sparse_02_shawshank;sparse_03_pulp_fiction;sparse_04_avatar;sparse_05_ddlj;sparse_06_three_idiots,3.7877477747517534,0.5715200008125976,6.943709443375053,available,0.400383722222222,-0.12776277222222276,1.0454049555555558,available,20260915,10000,matched logical query,This comparison describes only the selected benchmark workload shared by both strategies. Repetitions were averaged within each query before comparing strategies.
vector_sparse,hash / broadcast / filter_then_search,industry / broadcast / filter_then_search,strategy_b_minus_strategy_a,8,sparse_01_dark_knight;sparse_02_shawshank;sparse_03_pulp_fiction;sparse_04_avatar;sparse_05_ddlj;sparse_06_three_idiots;sparse_07_interstellar_filtered;sparse_08_fight_club_filtered,5.454929161593706,3.0422737465414693,7.705292078268636,available,0.32466095000000017,-0.5954059041666666,1.260136866666667,available,20260915,10000,matched logical query,This comparison describes only the selected benchmark workload shared by both strategies. Repetitions were averaged within each query before comparing strategies.
vector_sparse,hash / broadcast / filter_then_search,industry / broadcast / search_then_filter,strategy_b_minus_strategy_a,2,sparse_07_interstellar_filtered;sparse_08_fight_club_filtered,12.265333331500491,12.023100000806156,12.507566662194826,available,12.092185733333334,10.837311233333333,13.347060233333334,available,20260915,10000,matched logical query,This comparison describes only the selected benchmark workload shared by both strategies. Repetitions were averaged within each query before comparing strategies.
vector_sparse,hash / broadcast / filter_then_search,industry / selective / filter_then_search,strategy_b_minus_strategy_a,10,sparse_01_dark_knight;sparse_02_shawshank;sparse_03_pulp_fiction;sparse_04_avatar;sparse_05_ddlj;sparse_06_three_idiots;sparse_09_lagaan_filtered;sparse_10_andhadhun_filtered;sparse_11_zindagi_filtered;sparse_12_resident_evil_filtered,3.1501893313058345,1.6034986668576796,4.574501331662759,available,0.00824505000000011,-0.81126548,0.7092843033333335,available,20260915,10000,matched logical query,This comparison describes only the selected benchmark workload shared by both strategies. Repetitions were averaged within each query before comparing strategies.
vector_sparse,hash / broadcast / filter_then_search,industry / selective / search_then_filter,strategy_b_minus_strategy_a,4,sparse_09_lagaan_filtered;sparse_10_andhadhun_filtered;sparse_11_zindagi_filtered;sparse_12_resident_evil_filtered,6.37802916705065,4.494118333483735,8.261940000617566,available,7.2560558,5.6651527999999995,8.256341266666666,available,20260915,10000,matched logical query,This comparison describes only the selected benchmark workload shared by both strategies. Repetitions were averaged within each query before comparing strategies.
vector_sparse,hash / broadcast / search_then_filter,industry / broadcast / filter_then_search,strategy_b_minus_strategy_a,2,sparse_07_interstellar_filtered;sparse_08_fight_club_filtered,-2.8241483349120227,-4.716930004845683,-0.9313666649783627,available,-4.054580766666666,-5.372638499999999,-2.7365230333333335,available,20260915,10000,matched logical query,This comparison describes only the selected benchmark workload shared by both strategies. Repetitions were averaged within each query before comparing strategies.
vector_sparse,hash / broadcast / search_then_filter,industry / broadcast / search_then_filter,strategy_b_minus_strategy_a,2,sparse_07_interstellar_filtered;sparse_08_fight_club_filtered,8.48755000139742,5.893123330315579,11.08197667247926,available,5.802690866666667,2.8697358333333334,8.7356459,available,20260915,10000,matched logical query,This comparison describes only the selected benchmark workload shared by both strategies. Repetitions were averaged within each query before comparing strategies.
vector_sparse,hash / broadcast / search_then_filter,industry / selective / filter_then_search,strategy_b_minus_strategy_a,4,sparse_09_lagaan_filtered;sparse_10_andhadhun_filtered;sparse_11_zindagi_filtered;sparse_12_resident_evil_filtered,-0.9072349959751582,-5.253161659735875,3.438691667785559,available,-3.9717166333333336,-5.240115516666667,-1.8821612500000002,available,20260915,10000,matched logical query,This comparison describes only the selected benchmark workload shared by both strategies. Repetitions were averaged within each query before comparing strategies.
vector_sparse,hash / broadcast / search_then_filter,industry / selective / search_then_filter,strategy_b_minus_strategy_a,4,sparse_09_lagaan_filtered;sparse_10_andhadhun_filtered;sparse_11_zindagi_filtered;sparse_12_resident_evil_filtered,3.2244366680970415,1.780831664897657,5.868386667862068,available,2.7383721833333334,2.516076216666667,2.9606681499999996,available,20260915,10000,matched logical query,This comparison describes only the selected benchmark workload shared by both strategies. Repetitions were averaged within each query before comparing strategies.
vector_sparse,hash / selective / filter_then_search,industry / broadcast / filter_then_search,strategy_b_minus_strategy_a,6,sparse_01_dark_knight;sparse_02_shawshank;sparse_03_pulp_fiction;sparse_04_avatar;sparse_05_ddlj;sparse_06_three_idiots,3.167612775642839,0.7298011044945779,6.089303333364012,available,-0.7124738222222219,-1.196848572222222,-0.29054124444444424,available,20260915,10000,matched logical query,This comparison describes only the selected benchmark workload shared by both strategies. Repetitions were averaged within each query before comparing strategies.
vector_sparse,hash / selective / filter_then_search,industry / selective / filter_then_search,strategy_b_minus_strategy_a,6,sparse_01_dark_knight;sparse_02_shawshank;sparse_03_pulp_fiction;sparse_04_avatar;sparse_05_ddlj;sparse_06_three_idiots,-0.0350038912276629,-2.728221668318534,2.9493649981709,available,-0.7506199611111107,-1.5187170999999993,-0.012029138888888605,available,20260915,10000,matched logical query,This comparison describes only the selected benchmark workload shared by both strategies. Repetitions were averaged within each query before comparing strategies.
vector_sparse,industry / broadcast / filter_then_search,industry / broadcast / search_then_filter,strategy_b_minus_strategy_a,2,sparse_07_interstellar_filtered;sparse_08_fight_club_filtered,11.311698336309442,10.610053335161261,12.013343337457624,available,9.857271633333333,8.242374333333332,11.472168933333332,available,20260915,10000,matched logical query,This comparison describes only the selected benchmark workload shared by both strategies. Repetitions were averaged within each query before comparing strategies.
vector_sparse,industry / broadcast / filter_then_search,industry / selective / filter_then_search,strategy_b_minus_strategy_a,6,sparse_01_dark_knight;sparse_02_shawshank;sparse_03_pulp_fiction;sparse_04_avatar;sparse_05_ddlj;sparse_06_three_idiots,-3.2026166668705023,-4.042236105629449,-2.385438337741006,available,-0.038146138888888924,-0.6820647666666669,0.5460414666666668,available,20260915,10000,matched logical query,This comparison describes only the selected benchmark workload shared by both strategies. Repetitions were averaged within each query before comparing strategies.
vector_sparse,industry / selective / filter_then_search,industry / selective / search_then_filter,strategy_b_minus_strategy_a,4,sparse_09_lagaan_filtered;sparse_10_andhadhun_filtered;sparse_11_zindagi_filtered;sparse_12_resident_evil_filtered,4.1316716640722,0.9860899968771246,7.456019999032528,available,6.710088816666667,4.8229984833333335,7.756191733333334,available,20260915,10000,matched logical query,This comparison describes only the selected benchmark workload shared by both strategies. Repetitions were averaged within each query before comparing strategies.
