query_kind,strategy,query_count,request_count,failure_count,client_mean_ms,client_p95_ms,client_p99_ms,total_mean_ms,total_p95_ms,total_p99_ms,vector_mean_ms,enrichment_mean_ms,hit_rate_at_k,precision_at_k,recall_at_k,f_measure_at_k,binary_ndcg_at_k,mean_reciprocal_rank
relational,hash / broadcast,12,360,0,13.060047220884977,28.12949998769909,31.396099948324263,2.3822772833333334,4.700743999999999,5.934259,,,,,,,,
relational,industry / broadcast,7,210,0,13.955412382104745,28.444499999750406,31.471900001633912,2.9090424,6.5477240000000005,9.439232,,,,,,,,
relational,industry / selective,6,180,0,12.706830555624846,26.501100044697523,28.93559995573014,2.065818638888889,3.358912,4.004392,,,,,,,,
vector_dense,hash / broadcast / filter_then_search,12,360,0,22.694992500732447,34.202000009827316,44.42259995266795,8.516103022222222,20.486225,27.467195999999998,3.081797563888889,5.432583711111111,0.8333333333333334,0.08333333333333333,0.8333333333333334,0.15151515151515152,0.7405710672695451,
vector_dense,hash / broadcast / search_then_filter,6,180,0,39.559890000964515,104.91340002045035,135.07630000822246,24.79143372222222,81.714867,97.989559,5.14509935,19.64376905,1.0,0.1,1.0,0.18181818181818182,1.0,
vector_dense,industry / broadcast / filter_then_search,8,240,0,20.093245415531175,32.52900001825765,38.81230001570657,6.5345955625,10.971167000000001,12.439999,2.7170002083333333,3.816261175,0.75,0.075,0.75,0.13636363636363635,0.6108566009043177,
vector_dense,industry / broadcast / search_then_filter,2,60,0,51.130681660530776,87.76389999547973,100.58430000208318,37.75880581666667,74.358245,85.740173,5.86257965,31.89377205,1.0,0.1,1.0,0.18181818181818182,1.0,
vector_dense,industry / selective / filter_then_search,4,120,0,27.13979000157754,44.77229999611154,52.68910003360361,12.932952983333333,26.354729,33.005825,3.6090012583333335,9.321298183333333,1.0,0.1,1.0,0.18181818181818182,1.0,
vector_dense,industry / selective / search_then_filter,4,120,0,41.68301583025217,73.71129997773096,90.18270001979545,27.08902039166667,53.713854,64.680911,3.6396389416666666,23.4468306,1.0,0.1,1.0,0.18181818181818182,1.0,
vector_sparse,hash / broadcast / filter_then_search,12,360,0,19.52539333627404,32.451000006403774,34.62069999659434,6.499624008333333,8.688474,10.43294,1.6776783222222222,4.820748583333333,1.0,,,,,0.9583333333333334
vector_sparse,hash / broadcast / search_then_filter,6,180,0,24.933783332946607,35.45830002985895,42.309500044211745,11.416148894444445,15.700835,18.164431,1.9474847277777778,9.467410127777777,1.0,,,,,1.0
vector_sparse,hash / selective / filter_then_search,6,180,0,21.266407223689992,33.48119999282062,36.439499992411584,7.091770211111111,9.409125000000001,11.336778,1.640317972222222,5.450708344444445,1.0,,,,,1.0
vector_sparse,industry / broadcast / filter_then_search,8,240,0,24.168468749364063,33.28400000464171,35.166599962394685,6.938885062500001,9.719255,10.541473000000002,1.726445925,5.211564479166666,1.0,,,,,1.0
vector_sparse,industry / broadcast / search_then_filter,2,60,0,34.6835133357672,47.50799998873845,49.552699958439916,18.474922716666665,21.085089,22.131416,2.2050751833333333,16.268534233333334,1.0,,,,,1.0
vector_sparse,industry / selective / filter_then_search,10,300,0,22.09702533398134,32.58780000032857,34.175199980381876,6.531246463333334,8.965093,10.863416,1.5726382633333333,4.95770498,1.0,,,,,1.0
vector_sparse,industry / selective / search_then_filter,4,120,0,27.52713000033206,35.910399979911745,42.16069995891303,13.5264796,15.953877000000002,16.799404,1.76038535,11.764804433333333,1.0,,,,,1.0
